StockCode,Quantite_Totale,CA_Total,Nb_Lignes_Commandes,Nb_Clients_Uniques
10002,823,699.55,49,40
10080,291,114.41,21,19
10120,193,40.53,30,25
10123C,5,3.25,3,3
10124A,16,6.72,5,5
10124G,17,7.14,4,4
10125,1226,930.3,64,49
10133,2384,1143.6100000000001,124,101
10135,1938,1786.69,121,92
11001,1252,1953.0,64,44
15030,143,41.47,13,11
15034,6419,697.0600000000001,91,70
15036,21876,16044.44,325,194
15039,1559,1133.15,71,58
15044A,428,1248.2800000000002,79,53
15044B,307,865.6500000000001,48,36
15044C,272,782.4000000000001,61,43
15044D,630,1735.74,74,53
15056BL,2779,15218.67,291,142
15056N,3826,20696.71,382,184
15056P,769,4254.16,137,87
15058A,148,1104.6,51,40
15058B,115,866.25,41,32
15058C,193,894.35,30,26
15060B,411,1482.87,95,68
16008,2892,360.71,70,54
16010,30,3.5999999999999996,3,3
16011,1773,372.33,47,38
16012,1244,261.24,37,33
16014,13328,4335.76,54,34
16015,662,289.98,24,19
16016,1273,1053.45,65,41
16020C,6,5.1,2,1
16033,840,100.79999999999998,4,4
16043,98,11.759999999999998,2,2
16045,8900,380.0,69,61
16046,67,56.949999999999996,16,13
16048,1437,186.84,49,41
16049,504,82.08,5,5
16052,467,105.28999999999999,6,5
16054,1166,140.52,33,29
16151A,49,61.25,3,3
16156L,475,199.5,18,17
16156S,5800,2331.0,167,135
16161G,700,70.0,22,22
16161M,25,10.5,1,1
16161P,7226,2990.92,249,189
16161U,4075,1687.5,134,105
16162L,17,11.05,6,5
16162M,26,10.92,7,6
16168M,329,138.18,20,19
16169E,4563,1892.46,150,143
16169K,200,84.0,8,8
16169M,660,277.2,26,24
16169N,25,10.5,1,1
16169P,50,21.0,2,2
16202A,7,3.5,2,2
16202B,29,14.5,2,2
16202E,15,7.5,3,3
16206B,7,8.75,2,2
16207A,13,38.35000000000001,5,4
16207B,4,11.31,3,3
16216,3316,227.14,41,38
16218,3760,253.2,50,43
16219,2915,309.9,47,41
16225,762,599.34,77,57
16235,2665,525.75,81,68
16236,1296,266.56,73,59
16237,4598,886.08,169,109
16238,1261,265.51,80,61
16244B,7,7.85,2,2
16248B,13,16.25,7,7
16254,31,27.91,9,7
16258A,445,156.53,38,29
16259,3380,326.56,31,28
17001,72,20.88,1,1
17003,22963,5980.05,209,136
17007B,24,50.400000000000006,2,2
17011F,80,62.150000000000006,6,6
17012A,270,244.89999999999998,25,21
17012B,455,422.54999999999995,36,33
17012C,363,344.34999999999997,44,37
17012D,387,366.34999999999997,46,35
17012E,59,52.05,4,3
17012F,365,329.05,42,33
17013D,532,257.88,11,10
17014A,154,67.83,7,7
17021,2427,643.14,57,30
17028J,6,2.52,1,1
17038,1501,138.1,19,18
17084A,200,42.0,7,7
17084J,225,47.25,8,8
17084N,1025,212.75,32,25
17084P,349,73.29,13,12
17084R,4032,760.3199999999999,27,16
17090A,109,107.44999999999999,10,9
17090D,29,36.25,13,6
17091A,172,99.29,26,19
17091J,2066,876.34,91,66
17096,2516,443.76000000000005,13,12
17107D,171,436.04999999999995,47,42
17109D,61,32.349999999999994,5,4
17129F,427,291.25,19,11
17136A,404,33.75,20,16
17164B,29,12.18,10,9
17165D,27,28.35,7,6
17174,9,3.7800000000000002,3,3
17191A,4,15.0,2,1
18007,5856,383.76,18,15
18094C,134,153.1,15,13
18097A,5,12.75,4,4
18097C,673,1471.3500000000001,56,43
18098C,193,540.5500000000001,38,24
20615,231,233.34,35,28
20616,134,122.78,25,19
20617,66,137.74,26,20
20618,68,137.88000000000002,28,20
20619,142,206.23000000000002,22,16
20622,163,240.18,33,24
20652,150,194.76,36,26
20653,33,43.67,6,5
20654,105,126.69,24,21
20655,89,109.11,34,20
20657,61,76.39,22,20
20658,328,410.0,62,44
20659,95,140.81,32,18
20661,9,35.07,5,3
20662,11,40.97,5,4
20663,3,11.690000000000001,3,3
20664,6,17.700000000000003,3,3
20665,340,998.2000000000002,73,58
20666,4,11.8,4,4
20667,1,2.95,1,1
20668,12714,1408.56,188,111
20669,195,243.75,47,36
20670,8,29.28,6,5
20671,10,12.5,2,2
20674,1373,1649.06,152,101
20675,2729,3179.9,226,149
20676,4363,5046.9800000000005,304,185
20677,3159,3642.5800000000004,224,133
20678,4,6.6,1,1
20679,1630,9055.87,271,141
20681,125,406.25,34,29
20682,1140,3629.66,183,138
20684,78,253.5,33,30
20685,3901,25397.85,579,329
20686,255,832.13,65,51
20694,36,135.0,11,9
20695,5,21.25,4,4
20696,32,120.0,10,10
20697,19,48.449999999999996,11,8
20698,16,40.8,8,7
20699,29,73.94999999999999,11,11
20700,10,37.5,4,4
20701,6,22.5,3,3
20702,128,544.0,41,31
20703,1,4.25,1,1
20704,211,626.45,39,38
20705,143,428.85,28,27
20707,155,195.52,31,20
20711,4198,7689.28,247,152
20712,8187,15511.6,497,248
20713,10466,19076.92,421,207
20716,314,373.5,35,31
20717,2036,2455.88,236,150
20718,4264,5115.31,390,236
20719,9237,7277.24,546,238
20723,6847,5520.95,500,230
20724,12809,10125.85,751,335
20725,17897,28338.45,1317,532
20726,9115,14537.11,842,372
20727,11291,18024.55,1105,458
20728,10820,17265.68,989,479
20731,74,92.5,8,8
20733,918,688.9,49,30
20735,158,121.3,30,11
20748,53,675.75,30,26
20749,1719,12123.41,368,239
20750,1712,12216.8,367,235
20751,973,1984.2600000000002,197,127
20752,367,770.7,117,91
20754,1356,2670.48,243,153
20755,292,248.2,51,44
20756,63,53.55,22,20
20757,164,140.18,33,30
20758,161,136.85,44,35
20759,64,54.4,20,17
20760,69,58.65,22,18
20761,110,419.92,55,46
20762,101,382.46,51,42
20763,71,189.96,25,24
20764,128,491.13,62,45
20765,96,374.84,53,45
20766,113,422.08,50,41
20767,217,541.9699999999999,61,50
20768,131,320.26,37,31
20769,66,173.11999999999998,26,21
20770,108,259.2,29,24
20771,71,183.45999999999998,28,21
20772,218,534.46,46,40
20773,56,92.39999999999999,24,21
20774,52,85.8,23,21
20775,64,105.6,22,19
20777,95,156.75,36,32
20778,15,24.75,8,8
20780,37,198.35000000000002,19,13
20781,32,161.52,23,19
20782,40,221.35999999999999,18,12
20785,14,523.3000000000001,5,4
20793,8,54.0,4,4
20794,85,213.14999999999998,16,15
20795,44,92.4,8,6
20796,61,100.64999999999999,8,8
20798,36,75.60000000000001,5,5
20801,848,708.16,55,47
20802,648,730.4399999999999,44,40
20803,917,386.25,32,26
20816,8,15.6,2,1
20818,12,20.0,2,2
20819,48,183.71,16,14
20820,5,24.75,2,2
20821,16,79.2,5,5
20823,164,129.56,8,6
20826,276,128.4,8,7
20827,88,34.32,2,1
20828,1012,2494.2,186,116
20829,1265,2530.4900000000002,169,90
20830,75,157.5,20,19
20831,169,272.34000000000003,24,19
20832,1034,527.04,57,47
20835,66,54.779999999999994,7,7
20836,170,141.1,17,14
20837,141,142.47,15,14
20838,330,282.94,33,30
20839,452,411.84,49,44
20840,464,399.28,44,35
20845,19,120.64999999999999,11,7
20846,647,785.47,64,50
20847,46,172.5,14,12
20848,21,61.95,8,7
20851,9,53.550000000000004,7,5
20854,166,256.09999999999997,18,16
20856,140,231.0,27,26
20857,32,52.8,8,7
20861,2,4.2,2,2
20866,409,488.59,38,34
20867,187,231.47,25,23
20868,381,159.26000000000002,31,29
20869,139,54.21000000000001,18,17
20878,25,31.25,8,7
20886,453,853.35,79,56
20892,1,12.75,1,1
20893,259,569.1,20,16
20894,25,73.75,9,9
20897,85,230.35,8,8
20898,25,73.75,5,4
20901,4,25.4,3,2
20902,33,190.35,6,6
20903,20,127.0,10,10
20906,3,8.850000000000001,2,2
20910,8,50.8,3,2
20914,6170,17303.98,784,356
20931,263,794.45,37,35
20932,189,516.25,22,22
20933,23,71.05,9,9
20934,54,294.3,20,20
20935,6,17.700000000000003,4,4
20936,92,272.98,26,21
20941,61,76.25,18,13
20956,730,916.13,61,51
20961,1029,1305.61,130,82
20963,1102,1400.49,126,83
20964,2,5.1,1,1
20966,589,698.25,41,28
20967,257,963.75,76,63
20969,1876,6734.31,259,157
20970,1081,3983.63,232,141
20971,10225,11629.39,468,277
20972,7131,8648.49,550,312
20973,4007,2551.15,291,191
20974,6734,4235.1,303,195
20975,6400,4101.200000000001,315,231
20977,1597,1971.93,145,111
20978,1631,2014.43,185,133
20979,3523,4233.51,234,164
20980,27,33.75,11,10
20981,1851,1573.35,211,157
20982,2019,1709.9099999999999,222,158
20983,2652,2247.96,250,185
20984,3809,1169.0099999999998,176,135
20985,1017,1160.88,96,65
20986,462,546.76,63,40
20992,4365,1867.05,261,162
20996,3057,648.69,188,124
20997,15,74.25,5,4
20998,119,348.25000000000006,28,27
21000,46,195.5,17,16
21001,25,148.75,13,12
21002,13,55.25,5,5
21003,13,82.55,6,6
21011,18,26.099999999999998,2,2
21012,567,1133.3000000000002,83,66
21014,1233,455.56999999999994,70,64
21015,1251,377.90999999999997,68,59
21018,22,18.7,5,4
21025,100,127.25,16,14
21026,143,177.37,25,20
21027,101,122.45,19,16
21028,116,148.29,21,15
21030,121,153.67,23,19
21031,40,51.21,11,9
21032,65,84.88,16,13
21033,922,1934.75,109,75
21034,1893,1798.35,952,480
21035,2319,6820.01,225,151
21038,77,86.75,23,20
21039,510,1284.6599999999999,77,57
21040,22,29.7,8,8
21041,576,1699.2000000000003,146,100
21042,303,1802.8500000000001,109,71
21043,443,931.8499999999999,58,52
21051,108,228.83,24,23
21054,68,608.5999999999999,27,24
21055,146,1368.1399999999999,84,63
21056,174,1640.1799999999998,66,46
21058,1049,855.77,92,68
21059,573,487.04999999999995,77,67
21060,356,302.59999999999997,53,47
21061,412,350.2,52,49
21062,501,425.84999999999997,62,55
21063,483,412.10999999999996,81,64
21064,176,760.5,60,40
21065,487,839.05,44,31
21066,688,657.62,42,32
21067,203,249.38,44,30
21068,1535,1637.71,126,81
21069,1868,2049.05,52,35
21070,1033,1059.79,79,51
21071,849,1025.98,110,72
21078,2494,1982.08,205,148
21080,12313,9656.789999999999,753,427
21084,2199,463.85,106,90
21086,6589,4009.4900000000002,296,167
21087,126,62.120000000000005,10,10
21088,1576,345.42,74,67
21089,231,45.730000000000004,24,23
21090,1672,708.3,119,98
21094,7351,5496.53,328,179
21095,95,80.75,9,9
21096,1143,479.25,70,63
21098,3176,3680.05,184,115
21100,43,70.95,8,7
21106,193,530.95,35,30
21107,840,2218.8,66,48
21108,10082,17304.57,197,160
21109,837,2131.35,73,54
21110,775,2295.05,80,62
21111,789,1291.55,52,46
21112,1245,2551.83,46,37
21114,1352,1705.28,133,105
21115,523,2580.21,133,104
21116,489,2339.19,118,81
21117,115,149.25,17,11
21121,6502,7799.18,344,238
21122,5257,6353.58,315,214
21123,975,1215.81,102,66
21124,3970,4798.34,232,180
21125,598,747.5,71,59
21126,488,605.44,69,57
21128,47,284.16,16,12
21129,45,332.3,20,13
21131,93,290.25,17,11
21132,35,142.75,16,13
21135,2708,2975.24,168,122
21136,4476,7491.4,362,259
21137,11406,39064.55,317,140
21143,296,577.1999999999999,29,26
21145,122,152.5,8,8
21147,89,200.94,22,11
21154,3187,3751.63,268,175
21155,2460,5880.049999999999,361,205
21156,3039,5587.87,294,202
21157,49,102.9,15,12
21158,1427,686.91,155,103
21159,1109,542.75,109,73
21161,131,189.95,37,25
21162,1416,696.4,140,98
21163,1176,603.86,119,86
21164,1714,4850.620000000001,250,166
21165,4027,6405.3099999999995,367,178
21166,10209,20315.33,613,287
21167,1260,264.6,25,20
21169,4281,6762.57,356,191
21171,424,566.8,60,43
21172,3335,4708.2699999999995,383,236
21174,3926,8372.7,380,225
21175,11993,26107.44,701,343
21179,1785,1021.23,174,122
21181,11963,23930.920000000002,713,361
21187,330,525.3,35,30
21188,294,838.5000000000001,34,27
21189,165,272.25,29,27
21190,168,245.20000000000002,7,6
21191,394,788.0400000000001,44,38
21192,925,1391.85,43,32
21194,437,366.70000000000005,43,37
21195,417,607.86,24,21
21196,89,146.84999999999997,10,9
21197,243,322.71,13,13
21198,964,931.56,51,47
21199,864,766.56,49,45
21200,1010,1272.8999999999999,39,33
21201,1175,2672.25,75,44
21202,449,404.85,21,20
21204,419,691.3499999999999,51,44
21205,209,532.9499999999999,51,43
21206,1220,1446.6,77,55
21207,982,1533.8999999999999,86,74
21208,873,531.6899999999999,57,50
21209,1142,669.12,57,48
21210,5680,7947.37,368,244
21211,816,1144.8,68,58
21212,33693,16394.53,1068,635
21213,14309,6859.31,511,295
21215,868,461.8,66,51
21216,1841,8354.87,250,150
21217,975,9188.25,258,167
21218,2058,7071.2,206,130
21219,323,408.59,43,35
21220,239,312.06,42,34
21221,201,262.14,24,24
21222,198,257.18,38,26
21224,734,913.7,83,58
21226,9,11.25,5,4
21228,5,6.25,2,2
21231,5757,6875.860000000001,386,215
21232,10366,12210.06,593,312
21238,3519,2822.41,280,160
21239,2574,2051.4,204,141
21240,3156,2487.08,219,149
21242,3074,4860.98,225,148
21243,2113,3329.0499999999997,149,103
21244,2131,3359.47,148,107
21245,1014,1623.1,103,72
21246,175,849.45,39,33
21248,187,271.15,52,45
21249,672,1874.4,79,68
21250,92,257.0,17,15
21251,165,486.75000000000006,35,32
21253,66,192.54000000000002,17,14
21257,489,3735.3900000000003,154,100
21258,425,5014.23,106,61
21259,1128,6432.110000000001,239,133
21260,1129,3530.35,150,104
21261,167,520.6500000000001,27,24
21262,268,790.6000000000001,52,43
21263,165,321.75,39,32
21264,256,499.2,43,37
21265,128,249.59999999999997,16,15
21268,2,0.84,1,1
21269,28,238.0,18,17
21270,14,178.5,13,12
21272,503,660.0699999999999,66,49
21275,10,169.5,9,9
21277,23,485.9,20,19
21278,43,109.64999999999999,9,7
21279,65,165.75,12,12
21280,65,165.75,12,12
21281,35,89.24999999999999,6,6
21284,385,313.53,26,24
21285,350,357.62,33,26
21286,255,279.37,18,17
21287,1788,755.13,54,47
21288,256,716.8000000000001,42,33
21289,443,553.75,19,19
21291,920,782.0,40,32
21292,865,591.25,26,25
21293,101,214.13000000000002,19,14
21294,1536,722.88,60,46
21306,487,166.57,37,35
21307,79,39.199999999999996,13,11
21310,1,29.95,1,1
21311,478,165.76999999999998,48,40
21313,2843,2110.46,131,96
21314,3670,7412.56,346,215
21316,149,156.59,10,9
21317,96,516.2,28,23
21318,680,372.3,42,38
21319,147,129.51,12,12
21320,186,309.66,12,10
21324,69,203.55,20,20
21326,10088,6083.200000000001,287,168
21327,538,887.6999999999999,148,99
21328,760,1262.1999999999998,194,135
21329,589,980.0499999999998,172,120
21331,11,140.25,7,7
21332,14,143.3,8,8
21333,55,162.25,15,15
21336,8,23.6,3,3
21340,928,10161.41,264,179
21344,14,139.29999999999998,5,5
21348,139,355.65,5,5
21349,12,81.0,7,7
21351,101,654.55,33,27
21352,311,1118.65,37,35
21354,753,888.45,70,55
21355,777,961.65,114,95
21356,304,363.15,55,37
21357,19,23.75,11,9
21358,328,410.0,60,54
21359,127,759.65,27,22
21360,37,194.15,14,14
21361,91,1127.85,54,42
21363,209,1034.55,95,67
21364,25,168.75,21,19
21365,348,360.0,44,35
21366,24,102.0,11,9
21367,163,159.51,35,29
21368,161,129.15,31,25
21369,98,142.5,13,12
21370,15,88.2,8,7
21371,275,274.65,32,27
21372,67,75.73,25,18
21373,507,380.25,45,41
21374,294,400.0,40,37
21375,24,109.80000000000001,12,9
21376,33,154.65,15,13
21377,93,123.20999999999998,19,18
21378,129,175.04999999999998,22,21
21379,147,163.11,24,22
21380,2093,5910.150000000001,235,138
21381,1699,2733.07,144,88
21382,1045,1164.3500000000001,96,64
21383,772,501.8,84,75
21385,3564,2957.64,218,153
21386,713,257.57,51,42
21389,1018,865.3,102,81
21390,3781,4544.13,183,120
21391,975,855.45,81,69
21392,32,38.13,7,5
21393,29,38.67,8,7
21394,3822,1538.62,114,88
21395,2812,1096.6799999999998,79,63
21397,1016,445.26,44,43
21398,1499,642.75,49,43
21399,2047,830.8199999999999,63,50
21400,837,109.74,48,42
21401,1010,132.29999999999998,59,48
21402,1290,155.4,61,54
21403,1718,258.71999999999997,71,58
21407,233,965.0,94,79
21408,225,764.91,68,50
21411,722,2391.46,190,147
21413,36,45.0,10,8
21414,1,2.1,1,1
21415,206,384.13000000000005,32,25
21416,5,18.75,4,4
21417,289,420.88,32,24
21418,59,115.25,13,11
21420,48,87.12,15,12
21421,298,345.14,13,11
21422,1560,1218.36,46,32
21424,227,612.05,22,19
21425,67,188.05,16,12
21426,213,411.30000000000007,18,15
21427,77,161.70000000000002,25,21
21428,1099,4263.55,183,117
21429,1616,2925.0,224,147
21430,2704,9424.32,324,186
21439,1322,1574.98,78,51
21441,376,223.3,38,34
21442,389,232.01,37,31
21445,214,267.5,21,17
21446,400,500.0,86,47
21447,749,936.25,92,56
21448,327,539.55,69,46
21452,745,2140.15,135,109
21454,318,270.29999999999995,47,41
21455,271,230.35,35,32
21456,161,201.25,19,17
21457,115,143.75,16,15
21458,158,197.5,19,18
21459,75,146.25,18,16
21460,26,50.699999999999996,9,9
21461,9,17.55,5,4
21462,192,859.2,67,57
21463,644,3405.3,131,77
21464,244,1034.0,102,57
21465,193,727.46,63,55
21466,267,982.49,91,71
21467,215,813.67,78,58
21468,123,468.67,50,43
21469,250,941.21,71,57
21470,338,1278.63,115,77
21471,495,1702.65,94,77
21472,119,446.25,33,29
21473,22,438.9,18,16
21476,31,463.45,18,14
21479,2702,10227.72,391,252
21481,2925,9218.550000000001,387,253
21484,1555,5810.37,297,205
21485,3335,15871.73,548,371
21486,8,30.0,4,4
21488,3,11.850000000000001,2,2
21494,1228,1624.73,134,79
21495,5800,2356.0,165,102
21497,8600,3430.0,232,177
21498,10547,4320.74,336,238
21499,6925,2808.5,216,175
21500,6350,2593.0,213,162
21503,726,288.92,23,22
21504,1884,763.1999999999999,97,74
21506,4740,1910.8799999999999,253,171
21507,3206,1314.0,199,139
21508,2393,971.11,146,108
21509,3581,1444.75,203,142
21518,265,106.97999999999999,17,16
21519,3217,1320.9,191,100
21520,457,187.62,33,29
21523,3088,19157.02,398,203
21524,1662,12095.67,410,251
21527,468,3540.6000000000004,138,95
21528,179,1230.05,89,62
21530,756,690.12,84,64
21531,1473,3459.15,212,143
21533,1317,6267.150000000001,321,209
21534,327,1593.45,131,94
21535,2460,5830.2,320,204
21537,327,1341.75,58,50
21538,5,18.75,2,2
21539,939,4429.650000000001,215,123
21544,1872,1522.3999999999999,115,80
21547,72,212.40000000000003,17,13
21555,55,140.25,12,11
21556,804,1859.3999999999999,47,38
21557,300,854.0400000000001,52,26
21558,1946,4624.8,275,167
21559,3716,8734.64,438,233
21561,1227,2868.7799999999997,168,116
21562,319,368.35,25,20
21563,1358,2591.02,134,95
21564,1016,1686.5200000000002,103,63
21576,177,403.67,46,40
21577,549,1235.25,116,94
21578,586,1318.5,84,68
21579,154,346.5,34,30
21580,90,202.5,24,21
21581,165,371.25,40,33
21584,1066,1754.8999999999999,159,119
21586,731,1691.25,66,54
21587,197,480.75,30,25
21588,1497,3450.15,138,99
21591,1187,1456.39,154,114
21592,2151,2150.71,225,156
21609,761,2072.15,75,59
21613,221,632.7500000000001,38,37
21614,48,141.60000000000002,7,7
21615,840,1195.0,104,86
21616,755,1093.75,108,84
21617,473,851.75,80,62
21618,303,473.75,58,48
21619,900,1252.5,125,99
21620,811,1211.25,131,97
21621,2540,20962.16,402,267
21622,364,1785.0,94,76
21623,3255,22709.13,208,139
21624,204,1190.8000000000002,85,72
21625,307,2140.19,118,97
21626,742,1446.8999999999999,76,64
21627,38,568.0999999999999,24,14
21628,44,620.4,17,14
21629,53,411.35,27,13
21630,54,461.3,22,13
21631,155,761.85,16,15
21632,60,237.00000000000003,5,5
21633,87,528.45,14,13
21634,948,462.6,23,22
21635,270,367.5,15,15
21636,917,703.95,78,60
21637,109,136.25,6,6
21638,235,493.50000000000006,32,25
21640,541,447.36999999999995,53,38
21641,1102,367.97999999999996,23,19
21642,2452,801.2399999999999,93,79
21643,490,594.26,31,27
21644,215,268.75,34,29
21647,117,245.70000000000002,29,21
21648,654,790.14,33,26
21650,2197,440.89000000000004,68,48
21651,131,201.74999999999997,11,9
21654,946,432.54,50,40
21655,36,60.84,2,1
21656,117,169.64999999999998,17,15
21657,28,194.60000000000002,15,11
21658,773,2874.07,130,82
21661,3,17.85,3,3
21662,74,416.3,16,14
21664,97,346.47,19,15
21666,384,249.60000000000002,33,21
21667,2,29.9,1,1
21668,5035,6224.03,343,169
21669,4969,6284.25,366,167
21670,4004,5028.5199999999995,296,158
21671,4080,5042.4,284,164
21672,4564,5618.04,315,159
21673,3994,4960.5,285,154
21675,525,447.80999999999995,52,45
21676,211,191.04999999999998,32,21
21677,766,655.0,80,62
21678,104,88.39999999999999,16,16
21679,1054,891.2199999999999,87,67
21680,804,683.4,53,43
21681,2,19.9,2,2
21682,177,881.1600000000001,50,42
21683,297,876.1500000000001,48,39
21684,764,575.41,37,27
21686,33,1268.3500000000001,18,6
21688,316,932.2000000000002,39,36
21689,92,345.0,23,22
21690,24,90.0,9,6
21692,17,63.75,8,7
21693,358,1056.1000000000001,45,40
21694,303,817.0500000000001,20,18
21695,283,834.8500000000001,36,35
21696,226,666.7,30,27
21698,266,116.62,22,22
21700,1266,1076.1,87,58
21703,9272,3431.35,247,175
21704,5004,3856.3799999999997,198,137
21705,1377,1299.2099999999998,112,89
21706,229,1134.58,69,53
21707,120,601.22,47,44
21708,139,682.45,33,28
21709,87,430.06,31,30
21710,84,412.41,31,29
21711,86,420.1,23,22
21713,701,1448.1000000000001,130,103
21714,1085,1356.25,127,106
21715,1141,2736.75,139,116
21716,1206,2921.72,139,112
21717,405,931.95,38,34
21718,1289,1613.67,145,106
21719,301,255.85,35,29
21720,57,48.449999999999996,8,8
21721,175,148.75,22,19
21722,65,55.24999999999999,15,13
21723,371,315.34999999999997,40,29
21724,372,316.2,57,43
21725,274,232.89999999999998,32,26
21726,231,196.35,36,29
21730,498,2324.14,120,79
21731,12871,19844.91,535,266
21733,7759,22624.690000000002,696,385
21735,210,2551.95,82,60
21736,80,137.22000000000003,6,5
21738,45,132.75,22,17
21739,143,417.44000000000005,50,38
21741,131,386.45000000000005,28,27
21742,193,1148.35,92,75
21743,275,753.65,32,28
21744,367,1128.0900000000001,84,66
21745,929,3412.19,209,115
21746,2974,3521.7000000000003,187,122
21747,437,527.53,42,31
21749,1900,3645.0000000000005,107,80
21750,78,163.8,17,15
21754,2654,15630.960000000001,710,360
21755,1946,11535.560000000001,580,337
21756,792,4727.83,256,168
21757,6,29.700000000000003,3,3
21758,32,202.4,14,13
21761,10,299.5,10,10
21763,6,169.75,4,4
21769,11,607.6500000000001,2,2
21770,1577,7311.360000000001,344,263
21773,920,693.52,59,50
21774,835,647.03,52,39
21775,283,313.91,41,34
21777,7,55.65,3,3
21781,138,2012.5,82,51
21784,51,507.44999999999993,38,20
21785,411,267.95,5,3
21786,1589,631.15,96,55
21787,8755,6964.63,186,115
21788,1203,936.93,69,59
21789,799,675.13,71,55
21790,13336,10447.42,736,449
21791,7143,8531.41,491,342
21792,331,1388.65,70,58
21793,296,1240.44,67,57
21794,501,2064.4700000000003,93,79
21801,457,191.94,22,22
21802,1000,420.0,49,45
21803,1138,477.96,51,46
21804,178,656.7,41,37
21807,415,174.29999999999998,30,24
21808,100,370.0,22,21
21809,1859,995.3,91,72
21810,5305,2443.0699999999997,189,129
21811,4332,2181.58,167,119
21812,218,1037.1000000000001,43,36
21813,250,1187.1000000000001,41,38
21814,75,108.75,15,11
21815,132,191.39999999999998,20,15
21816,34,49.3,9,6
21817,908,408.86,61,48
21818,2699,1281.13,164,117
21819,2465,1054.63,129,95
21820,291,1079.84,63,49
21821,223,825.45,41,35
21822,615,567.79,67,45
21823,1196,687.9799999999999,77,61
21824,1450,698.0,77,63
21826,93,116.25,21,16
21827,6,7.5,3,3
21828,314,392.5,71,53
21829,6462,1332.9299999999998,135,104
21830,2599,1093.63,92,63
21832,785,1306.7299999999998,122,83
21833,2628,4278.12,120,87
21836,3,11.25,2,2
21839,1,5.45,1,1
21841,73,310.25,22,19
21843,1809,17929.75,423,260
21844,1814,4972.1,136,99
21845,1907,1721.0900000000001,83,63
21846,72,365.62,24,12
21847,9,44.550000000000004,5,5
21849,52,260.74,25,16
21850,61,276.75,22,12
21851,26,138.72,15,12
21864,610,1192.44,99,65
21865,223,463.38000000000005,72,52
21866,537,670.46,110,79
21867,266,336.27,88,56
21868,2346,2926.98,235,153
21870,1357,1668.89,141,97
21871,5265,6151.78,275,133
21872,1269,1370.73,124,81
21873,1586,1752.34,91,62
21874,2852,3724.3599999999997,196,110
21875,2000,2249.56,112,83
21876,3548,4058.7599999999998,200,141
21877,5347,6708.11,299,174
21878,2397,1973.75,157,120
21879,1027,303.23,59,52
21880,1458,668.94,100,84
21881,975,315.55,45,37
21882,600,191.28000000000003,41,35
21883,1368,581.0600000000001,93,82
21884,1017,318.81,44,43
21888,1553,5725.71,282,210
21889,5778,7215.95,466,336
21890,1075,3262.51,180,143
21891,7919,10019.47,358,264
21892,2914,3656.75,305,235
21894,476,610.73,75,57
21895,1,4.25,1,1
21896,949,2158.5,92,79
21897,402,1250.82,2,1
21898,445,1423.03,7,6
21899,2605,1633.0700000000002,224,148
21900,3087,1963.0300000000002,270,166
21901,1746,1142.8600000000001,244,143
21902,1915,1176.73,167,114
21903,1129,2360.5800000000004,155,113
21904,51,107.10000000000001,25,21
21905,685,707.4100000000001,111,84
21906,483,3220.81,95,71
21907,2294,4761.55,332,208
21908,3635,7208.52,381,220
21910,36,59.39999999999999,8,8
21911,105,173.24999999999997,20,18
21912,1575,5523.53,271,201
21913,305,1142.53,89,72
21914,7434,9222.63,527,306
21915,20975,23793.93,567,349
21916,4363,1771.54,255,156
21917,4095,1653.24,189,132
21918,7013,2814.7,286,193
21922,759,5682.09,169,113
21925,403,503.75,66,38
21926,414,509.9,60,35
21927,622,769.9,99,41
21928,9704,18063.62,549,264
21929,9889,18429.98,606,308
21930,5706,10890.79,481,220
21931,11516,21790.95,783,333
21932,2467,4363.66,327,218
21933,2410,4295.86,294,198
21934,1288,2081.2,143,85
21935,1763,2824.37,205,121
21936,3758,10371.66,388,223
21937,1591,4433.45,208,146
21942,161,134.54999999999998,23,14
21943,57,48.449999999999996,10,7
21944,232,177.88,34,24
21945,225,190.79,30,27
21946,72,58.9,11,8
21947,596,743.98,88,62
21948,418,543.07,56,37
21949,613,725.49,59,46
21955,1159,6635.61,158,108
21967,5166,1506.24,180,129
21972,292,423.4,39,35
21973,159,230.54999999999998,30,25
21974,2036,2942.5099999999998,229,177
21975,12134,5934.68,566,287
21976,4967,2513.13,289,181
21977,24264,11629.7,686,410
21980,6523,2003.3099999999997,252,192
21981,5295,1512.9299999999998,195,143
21982,7346,2083.58,271,182
21983,2223,712.7299999999999,124,98
21984,3309,1003.9499999999999,162,123
21985,8569,2550.29,361,262
21986,3985,1129.79,157,118
21987,2050,1254.74,152,106
21988,2194,1663.3,149,101
21989,2068,1675.24,211,130
21990,1219,1745.05,186,127
21991,471,675.53,103,80
21992,1163,1658.69,216,160
21993,1366,1934.8500000000001,212,151
22021,350,577.4999999999999,66,60
22023,1143,481.29,86,71
22024,2304,928.99,131,90
22025,1776,707.04,89,73
22026,1572,647.28,101,71
22027,4165,1702.79,265,180
22028,2915,1203.49,187,124
22029,7858,3130.22,397,234
22030,5361,2130.63,245,179
22031,363,158.61,32,28
22032,361,151.62,31,28
22033,336,141.12,21,20
22034,3,1.26,1,1
22035,1406,574.06,88,65
22037,3795,1573.12,262,173
22038,475,199.5,19,19
22039,250,105.0,7,6
22040,725,304.5,28,27
22041,3812,8450.82,199,73
22042,372,156.24,26,24
22043,1188,283.32,43,40
22044,816,196.44,36,35
22045,6502,2662.84,207,148
22046,2250,929.0,75,62
22047,3400,1384.0,107,93
22048,975,393.5,32,32
22049,1025,275.25,32,26
22050,1225,498.5,40,37
22051,1000,420.0,40,36
22052,571,239.82,23,22
22053,4236,3596.4199999999996,26,23
22055,1248,1665.08,148,102
22057,578,648.18,56,46
22059,1749,1973.1699999999998,153,85
22060,233,1118.95,37,31
22061,565,3864.63,130,86
22062,559,603.89,61,43
22063,544,1127.2,89,56
22064,1608,2142.6,173,85
22065,6440,2892.02,179,132
22066,2248,1035.3799999999999,140,99
22067,389,569.13,51,32
22068,437,509.36999999999995,85,56
22069,220,240.77999999999997,39,26
22070,874,2034.43,86,62
22071,711,1298.79,75,64
22072,813,2539.19,148,90
22073,300,1074.6,49,38
22074,1001,774.5899999999999,77,61
22075,1565,2019.2299999999998,125,96
22076,1035,1304.37,114,96
22077,8605,14988.589999999998,751,413
22078,1300,2610.0,152,105
22079,1715,2831.9900000000002,233,190
22080,1182,1902.3,131,116
22081,595,994.87,91,74
22082,2558,4208.78,352,250
22083,4307,12043.210000000001,448,294
22084,4893,13435.150000000001,383,277
22085,507,1415.65,74,62
22086,15617,42660.83,1019,613
22087,3779,10264.050000000001,265,155
22088,1698,4683.1,171,115
22089,1190,3398.5000000000005,183,142
22090,6879,18791.890000000003,573,325
22091,1945,922.7900000000001,135,97
22092,668,312.34000000000003,90,75
22093,1828,806.76,160,114
22094,2087,933.24,154,117
22095,1578,1432.04,114,72
22096,1364,564.48,118,89
22097,1591,692.73,152,103
22098,1957,911.72,151,98
22099,1405,707.63,133,96
22100,729,305.81,40,34
22101,837,631.62,24,21
22102,1533,715.05,18,13
22103,1165,714.09,17,12
22104,151,120.07,12,9
22105,506,566.5,10,9
22106,286,584.9,12,9
22107,293,967.48,74,44
22108,101,246.53,28,16
22109,1383,4993.05,163,100
22110,618,1564.61,163,116
22111,4259,20104.350000000002,671,425
22112,5160,23624.24,714,382
22113,3156,12191.15,540,337
22114,3736,15415.22,520,325
22115,1495,1706.8100000000002,185,152
22116,505,493.39000000000004,90,65
22117,1290,3802.5,72,58
22118,219,748.83,80,67
22119,348,1731.3600000000001,110,82
22120,505,4856.5199999999995,170,121
22121,333,1930.89,116,94
22123,443,794.39,74,59
22124,79,130.37,24,14
22125,4,23.8,1,1
22127,402,479.7,21,20
22128,1729,2042.69,72,62
22129,992,790.56,37,33
22130,1505,1260.53,91,78
22131,1890,3370.42,190,115
22132,935,772.91,83,60
22133,702,585.78,60,41
22134,637,255.18,57,29
22135,262,114.96,49,22
22136,334,531.9,53,37
22137,68,191.0,11,9
22138,4797,23007.55,867,581
22139,4248,20470.780000000002,833,488
22141,2448,5025.580000000001,360,256
22142,3073,4339.29,333,259
22144,3468,7128.1,437,319
22145,30,63.0,1,1
22146,1,1.95,1,1
22147,6127,8314.55,453,287
22148,1819,3367.0499999999997,165,148
22149,5890,11566.390000000001,473,337
22150,2923,5478.05,413,288
22151,14877,5922.2699999999995,297,174
22152,2351,967.55,98,70
22153,2459,1012.62,93,61
22154,3532,1457.52,118,87
22155,2203,925.26,94,67
22156,1875,1588.1599999999999,159,106
22157,212,180.2,11,11
22158,2895,8161.21,270,196
22161,4143,857.33,175,118
22162,106,312.7,28,21
22163,626,580.94,51,41
22164,71,209.45000000000005,12,11
22165,267,1490.65,38,27
22166,122,489.9000000000001,16,13
22167,121,1059.95,59,41
22168,139,1171.3,75,69
22169,1075,8416.64,287,165
22170,1023,6378.150000000001,225,142
22171,1723,12294.380000000001,308,172
22173,2151,6273.29,342,210
22174,2688,4032.5599999999995,178,104
22175,841,2384.9500000000003,141,84
22176,489,1423.3500000000001,101,62
22178,22433,28776.51,825,403
22179,796,5110.74,182,98
22180,303,2962.6499999999996,132,92
22181,577,477.96999999999997,46,40
22182,206,723.7,38,30
22183,74,466.95000000000005,17,16
22184,8,68.0,4,3
22185,1428,2029.6999999999998,130,111
22186,801,1723.79,119,111
22187,1183,2562.27,147,123
22188,4844,12261.9,167,123
22189,8195,22715.57,459,274
22190,566,785.13,52,38
22191,1426,11587.2,401,239
22192,907,7528.93,338,179
22193,1352,11074.390000000001,419,206
22194,53,450.5,33,24
22195,1699,2841.87,228,148
22196,2385,2013.7299999999998,259,146
22197,49183,37226.43,1068,407
22198,873,1370.4499999999998,53,42
22199,384,1328.5,99,71
22200,326,1209.54,77,51
22201,108,366.0,40,29
22202,39,146.25,17,16
22203,310,996.13,91,75
22204,96,302.5,31,23
22207,1200,4731.36,114,68
22208,1289,1234.1,210,148
22209,825,802.8199999999999,126,100
22210,914,822.5699999999999,150,117
22211,783,808.3799999999999,132,101
22212,1422,2917.4700000000003,264,145
22214,114,246.7,21,18
22215,330,2254.5,89,71
22216,327,182.31,20,17
22217,765,647.51,65,63
22218,1,4.25,1,1
22219,3372,2818.62,324,190
22220,214,1499.5,75,64
22221,124,964.4,44,37
22222,824,2599.2,149,104
22223,315,902.85,43,34
22224,688,1973.6000000000001,117,89
22227,1969,1276.8500000000001,182,83
22228,852,598.16,94,81
22229,495,334.27,64,54
22230,926,356.46,66,50
22231,869,823.17,111,93
22232,623,506.42999999999995,61,54
22233,541,515.29,81,70
22236,308,3624.5999999999995,88,67
22241,1788,2180.28,170,125
22242,631,964.3499999999999,27,23
22243,3055,4596.75,111,71
22244,1617,2915.5499999999997,97,66
22245,1199,966.11,58,44
22246,278,555.18,36,31
22247,485,408.09,61,54
22248,383,321.39,47,43
22249,645,544.09,86,73
22250,449,377.49,59,57
22251,520,645.44,75,66
22252,650,770.32,71,48
22254,594,706.02,41,33
22255,542,460.7,44,33
22256,262,327.5,39,32
22257,283,194.39,18,16
22258,722,543.9399999999999,36,35
22259,384,240.96,17,16
22260,410,351.62,50,37
22261,520,447.46,79,61
22262,924,788.52,97,62
22263,256,125.68,21,14
22264,1393,518.77,44,38
22265,514,334.1,55,42
22266,1861,563.35,86,69
22267,828,654.7,77,67
22268,1838,666.4399999999999,101,73
22269,841,521.73,89,62
22270,211,773.97,45,35
22271,1653,4716.870000000001,263,181
22272,194,553.1,47,43
22273,4469,11762.99,300,211
22274,1301,3732.15,238,168
22275,69,527.85,1,1
22276,253,645.15,62,53
22277,355,728.62,63,54
22278,244,1207.8000000000002,87,59
22279,480,578.41,51,43
22280,177,224.88,32,26
22281,109,648.5500000000001,44,35
22282,111,1425.27,64,39
22283,258,2058.94,118,82
22284,901,1486.6499999999999,104,78
22285,834,1376.1,94,74
22286,1051,867.2699999999999,82,64
22287,750,633.9599999999999,59,51
22288,453,566.25,44,37
22289,126,157.5,22,19
22291,1243,1802.35,97,72
22292,1088,1520.0,95,76
22293,821,1190.4499999999998,89,63
22294,5439,6671.07,261,162
22295,2737,4420.169999999999,221,155
22296,3055,4988.829999999999,284,189
22297,3863,4715.03,232,157
22299,1316,1231.34,42,38
22300,1450,3047.3399999999997,146,100
22301,2118,4529.34,185,123
22302,2288,4959.85,192,134
22303,2770,6124.15,231,155
22304,744,1268.06,48,38
22305,684,1559.44,44,35
22306,1138,1303.29,103,85
22307,729,835.61,62,53
22308,145,356.89,36,27
22309,293,709.38,66,48
22310,531,841.79,53,29
22311,1054,2925.5,100,61
22312,503,1454.9900000000002,98,61
22313,553,1482.89,56,41
22314,517,1434.0900000000001,96,58
22315,761,914.77,122,90
22316,638,706.3000000000001,42,28
22317,172,506.32000000000005,40,35
22318,396,1161.0000000000002,90,67
22319,1346,587.86,63,53
22320,183,1100.21,69,56
22321,760,646.0,58,45
22322,390,331.5,37,30
22323,1,1.95,1,1
22324,228,456.35999999999996,30,20
22325,153,755.2500000000001,59,49
22326,8100,22175.52,609,281
22327,832,2358.4,173,106
22328,6481,17604.99,471,227
22329,1387,2182.95,153,103
22331,1768,2750.96,143,101
22332,982,1562.6999999999998,131,92
22333,4391,6749.23,272,167
22334,684,1101.44,92,77
22335,2024,1250.2,133,88
22336,2283,668.09,53,47
22337,635,383.95000000000005,27,24
22338,4179,925.71,121,94
22339,2283,569.2900000000001,55,44
22340,993,430.22999999999996,63,53
22341,405,672.6499999999999,41,37
22342,833,769.65,52,49
22343,1705,744.91,64,48
22344,1049,373.31,47,34
22345,972,318.47999999999996,44,29
22346,885,309.69,34,23
22348,3863,3223.49,259,144
22349,1341,5227.929999999999,116,85
22350,1356,3586.3199999999997,89,63
22351,12,19.799999999999997,1,1
22352,2853,6717.79,331,185
22353,61,155.54999999999998,25,23
22354,700,2502.82,65,43
22355,8975,7138.65,599,249
22356,7306,5840.64,497,220
22357,324,1332.6,87,69
22358,456,1341.2800000000002,113,87
22359,162,480.74000000000007,63,47
22360,886,2455.9,150,102
22361,539,1513.2500000000002,126,92
22362,349,987.23,81,62
22363,454,1226.94,60,46
22364,519,1429.97,99,69
22365,730,4873.44,127,83
22366,722,4887.82,156,104
22367,3543,6572.49,457,298
22371,830,3489.88,254,144
22372,221,935.33,101,81
22374,448,1882.8400000000001,159,108
22375,253,1056.05,99,67
22376,193,820.69,85,66
22377,1038,1510.89,105,83
22378,1685,2092.56,105,69
22379,6088,11942.43,414,187
22380,1156,2274.75,200,114
22381,3169,6229.58,295,133
22382,9912,15881.199999999999,1008,490
22383,11722,18723.7,1083,434
22384,10254,16349.5,957,444
22385,8236,15331.02,487,247
22386,20165,37289.590000000004,890,372
22389,329,596.91,36,36
22390,261,410.71999999999997,31,24
22391,146,186.05999999999997,18,18
22393,487,617.38,50,43
22394,160,190.79999999999998,16,16
22395,134,130.26,15,15
22396,1182,572.8199999999999,112,87
22398,2545,1528.68,232,167
22399,1130,1309.9,87,71
22400,1393,714.6,152,112
22402,1705,1008.14,149,107
22403,1223,569.75,86,72
22405,347,351.19,56,46
22406,319,336.89,64,49
22407,94,98.07,24,17
22408,137,141.5,23,20
22409,216,270.0,45,36
22410,223,212.88,46,34
22411,10518,20174.23,803,375
22412,877,1784.7000000000003,117,73
22413,3690,10647.300000000001,358,228
22414,253,1645.67,70,37
22415,19,151.05,13,13
22416,850,1174.8999999999999,63,54
22417,8103,4131.6900000000005,420,270
22418,6267,5209.17,243,179
22419,2812,1236.1200000000001,166,94
22420,1199,500.33,87,55
22421,1925,795.2,123,80
22422,971,397.25,77,53
22423,12402,142592.94999999998,1723,881
22424,713,8519.0,328,189
22425,434,2086.11,141,110
22426,660,2231.8,146,104
22427,1995,11444.93,447,311
22428,221,1528.73,92,75
22429,1193,4954.29,325,227
22430,544,2646.6,166,131
22431,1981,3686.6499999999996,279,159
22432,1648,3100.58,240,158
22433,1341,2487.5299999999997,191,121
22434,779,1521.23,116,94
22435,2680,3257.04,221,153
22436,2110,1373.3,145,105
22437,2727,2263.35,176,140
22438,900,825.24,74,66
22439,1768,1176.8000000000002,163,116
22440,5897,2254.14,146,100
22441,994,2069.4,173,130
22442,292,1177.8,74,68
22443,153,1216.3500000000001,81,60
22444,763,935.51,34,29
22445,472,1368.2,100,72
22446,161,432.99,41,25
22447,75,223.95000000000002,16,16
22448,187,576.3100000000001,34,29
22449,365,1217.68,89,65
22450,184,614.0,54,41
22451,202,657.5000000000001,39,35
22452,388,1094.8000000000002,68,53
22453,334,951.7,47,38
22454,228,639.0,38,31
22456,1452,6833.200000000001,306,220
22457,8480,24245.52,980,587
22458,513,1371.4299999999998,14,12
22459,375,962.73,15,12
22460,2381,2871.84,164,118
22461,231,1251.25,45,35
22464,3200,4823.499999999999,285,191
22465,1965,2839.6299999999997,163,119
22466,2929,5071.95,152,114
22467,7688,17580.350000000002,586,262
22468,467,3032.39,116,82
22469,16775,28228.64,985,573
22470,9591,28520.95,819,485
22471,360,1097.68,65,53
22472,293,1234.0700000000002,82,58
22473,437,1239.39,79,58
22474,244,1009.0400000000001,83,70
22475,281,1225.95,112,49
22476,811,2150.77,79,61
22477,1290,1778.1,71,63
22478,1417,1936.85,77,59
22479,1078,1513.1,54,48
22480,613,729.77,68,57
22481,694,608.52,87,68
22482,448,523.52,48,40
22483,726,2041.7800000000002,134,91
22485,462,5652.9,165,142
22486,52,288.94,10,9
22487,724,6778.8099999999995,380,278
22488,2911,4636.91,312,211
22489,9314,3754.89,322,232
22491,3910,3130.8399999999997,203,162
22492,26076,16039.240000000002,325,213
22493,2354,3740.58,180,125
22494,890,1102.64,119,79
22495,242,515.1800000000001,66,60
22496,243,477.09000000000003,70,63
22497,178,756.5,60,50
22498,229,1362.5500000000002,97,68
22499,1734,9928.83,299,217
22500,240,840.2,90,78
22501,1194,10818.9,259,187
22502,1488,47366.2,239,175
22503,64,1279.2,16,15
22504,160,3012.4,39,31
22505,1365,6306.1900000000005,268,186
22507,2786,12411.02,348,230
22508,1516,5938.21,240,177
22509,205,1931.75,82,71
22510,210,404.62,42,34
22511,245,455.87,48,44
22512,118,236.0,33,28
22513,135,408.73,52,37
22514,261,539.1,76,61
22515,237,488.70000000000005,63,53
22516,171,350.1,44,35
22517,186,381.6,58,48
22518,333,663.3000000000001,57,44
22519,370,741.0000000000001,65,53
22520,705,599.25,107,88
22521,607,515.9499999999999,100,81
22522,923,759.59,124,100
22523,844,717.4,119,98
22524,592,721.0,66,55
22525,458,553.5,52,42
22526,112,1406.4,67,55
22529,816,329.76,62,52
22530,3514,1431.96,186,143
22531,3293,1348.5,166,127
22532,1063,360.06,68,54
22533,1745,607.62,79,68
22534,4331,1735.5,207,172
22535,1716,631.44,113,88
22536,4721,1782.18,148,109
22537,1818,763.5600000000001,138,115
22538,387,151.5,27,25
22539,2824,1050.41,90,74
22540,2451,915.78,65,50
22541,466,181.04,22,19
22543,1436,516.61,41,32
22544,4414,1628.3,128,101
22545,1089,391.10999999999996,48,40
22546,2065,767.8299999999999,60,50
22547,738,279.51,51,41
22548,1873,2097.96,184,149
22549,2992,4237.04,250,195
22550,1102,3810.71,176,136
22551,7664,12151.8,594,339
22553,4036,6505.799999999999,464,281
22554,7307,11637.429999999998,605,351
22555,5885,9462.289999999999,461,294
22556,5952,9596.96,531,305
22557,4573,7346.69,498,315
22558,8418,12545.38,648,363
22559,387,472.77,39,33
22560,8014,9311.47,337,229
22561,5695,9072.869999999999,408,288
22562,1398,1720.42,196,149
22563,2785,3254.6000000000004,262,171
22564,2673,3005.44,170,120
22565,818,712.4599999999999,110,85
22566,834,721.38,124,94
22567,2368,3048.2,192,135
22568,3284,11783.05,426,244
22569,2698,9655.48,301,192
22570,3018,10694.81,333,202
22571,2207,1813.55,185,152
22572,1265,1050.29,133,114
22573,2445,2040.81,156,127
22574,2124,1854.54,160,131
22575,622,1160.1,79,61
22576,1419,1218.6299999999999,130,102
22577,9784,3416.4799999999996,480,343
22578,9630,3165.22,453,332
22579,4808,1665.1599999999999,288,226
22580,836,4787.68,168,126
22581,1090,705.7199999999999,104,83
22582,1029,2496.7599999999998,79,73
22583,529,1348.9499999999998,79,73
22584,2241,5496.59,156,127
22585,6062,7149.7,340,241
22586,796,676.5999999999999,118,100
22587,845,718.25,124,103
22588,605,1732.4099999999999,137,110
22589,323,940.49,58,46
22591,374,1250.84,63,53
22592,506,1886.08,91,79
22593,2049,1736.9699999999998,142,106
22594,1744,1480.06,126,93
22595,6516,5278.86,370,274
22596,3290,3567.7,240,196
22597,2534,973.68,123,95
22598,815,291.33,54,42
22599,1489,528.2099999999999,71,58
22600,1540,1303.54,145,120
22601,2238,1827.4199999999998,154,121
22602,1962,1647.4199999999998,181,141
22603,1295,1089.83,131,111
22604,1173,2647.96,114,77
22605,709,9555.98,241,181
22606,305,4336.75,135,110
22607,1269,11601.14,307,224
22608,4933,984.73,85,63
22609,5636,1219.8799999999999,121,89
22610,9146,2320.58,173,123
22611,219,1016.85,41,36
22613,1488,1150.3799999999999,115,82
22614,2957,961.29,175,132
22615,2024,618.42,70,61
22616,25345,7266.71,397,195
22617,2153,10210.890000000001,427,296
22618,66,621.66,25,23
22619,2297,8597.5,346,250
22620,4491,5960.08,376,260
22621,5895,9297.869999999999,521,366
22622,1295,13035.66,231,174
22623,920,5031.570000000001,221,165
22624,1783,14788.33,635,376
22625,1476,11895.73,455,292
22626,504,4159.53,186,134
22627,792,6599.79,307,193
22628,775,3612.25,120,85
22629,13919,24694.59,720,322
22630,11336,20129.44,636,287
22631,3375,6122.629999999999,262,168
22632,4394,8751.12,372,260
22633,4746,9550.560000000001,470,300
22634,731,6681.849999999999,208,155
22635,657,6063.0,182,143
22636,565,4656.3,182,141
22637,2619,6308.57,266,188
22638,255,394.41999999999996,38,37
22639,763,1733.37,131,101
22640,186,344.21999999999997,42,33
22641,112,225.92,24,23
22642,253,516.8,45,39
22643,185,334.63,32,29
22644,2052,2328.7799999999997,190,146
22645,1757,2255.93,237,161
22646,3927,4756.91,284,185
22647,721,429.84999999999997,36,34
22649,751,3653.75,167,86
22650,800,1136.0,108,78
22651,1992,1602.7199999999998,94,73
22652,4864,7787.36,399,263
22653,1072,2022.66,122,73
22654,1058,5974.62,224,157
22655,60,8125.0,38,34
22656,26,3685.0,20,17
22659,11094,19353.219999999998,529,213
22660,327,2157.33,69,56
22661,5085,4028.19,349,172
22662,6545,10360.69,614,310
22663,3097,6008.41,318,171
22664,642,1178.18,102,62
22665,1219,3425.01,232,163
22666,7373,20859.27,843,471
22667,2870,7952.900000000001,454,233
22668,1965,5448.11,207,162
22669,1027,2969.65,167,143
22670,1754,2193.99,211,141
22671,919,1465.31,104,75
22672,1382,2227.62,160,125
22673,772,960.58,113,85
22674,1274,1536.71,148,106
22675,1176,1423.89,128,94
22676,1040,1303.64,140,61
22677,874,1092.51,113,59
22678,751,941.18,103,59
22679,647,810.57,92,54
22680,745,932.47,103,61
22681,627,785.57,83,45
22682,618,773.11,80,52
22683,575,720.57,80,54
22684,464,579.4,61,41
22685,543,678.15,70,49
22686,859,997.2,73,39
22687,568,2991.7,35,30
22688,700,3442.04,27,26
22689,614,4340.44,113,94
22690,1597,9635.89,264,198
22691,344,2268.64,96,65
22692,1378,9468.08,340,231
22693,15940,17226.2,239,167
22694,1612,3337.2000000000003,312,228
22695,695,850.87,98,82
22696,694,1307.36,130,108
22697,6430,17806.34,719,387
22698,5343,14769.49,584,319
22699,9132,24865.600000000002,801,423
22700,1194,2584.68,49,41
22701,436,613.24,53,39
22702,1357,2661.8999999999996,43,35
22703,168,249.42000000000002,40,30
22704,5275,2167.5,174,129
22705,1900,798.0,75,61
22706,2050,845.0,69,64
22707,1250,525.0,47,41
22708,2775,1149.5,99,79
22709,1325,528.5,39,38
22710,4425,1742.5,100,79
22711,2852,1181.84,101,89
22712,4319,1721.37,216,141
22713,3309,1312.12,155,109
22714,3367,1324.8899999999999,155,125
22715,1506,615.24,98,78
22716,3088,1272.27,215,167
22717,1170,487.08,87,69
22718,1560,646.56,106,70
22719,463,508.07000000000005,34,25
22720,7020,33347.8,1159,640
22721,910,3949.7200000000003,249,183
22722,5372,20530.0,674,393
22723,1059,3705.8900000000003,243,170
22725,1776,6574.26,328,171
22726,5641,20880.4,808,322
22727,7221,25925.2,899,388
22728,5074,18569.09,621,291
22729,2182,7995.63,367,179
22730,2728,10285.61,477,241
22731,1075,1361.95,106,85
22732,1522,1930.38,127,102
22733,1471,1882.31,144,119
22734,2843,8051.83,343,278
22735,673,1106.13,89,73
22736,1102,1825.46,155,130
22737,1227,2075.39,190,148
22738,2007,3219.43,181,147
22739,1588,2704.44,212,168
22740,6625,5475.25,107,89
22741,8328,7010.94,155,107
22742,628,1245.88,91,77
22743,867,2030.6100000000001,152,115
22744,833,1898.8300000000002,150,123
22745,1788,3689.9500000000003,326,216
22746,1319,2733.02,257,179
22747,879,1800.9,174,123
22748,1895,3933.7100000000005,357,233
22749,2223,8071.51,421,275
22750,1964,7166.94,391,247
22751,1514,5446.1,255,184
22752,1654,12665.29,301,188
22753,918,614.63,168,98
22754,1802,1106.4399999999998,196,120
22755,1577,1012.78,198,110
22756,554,546.88,93,68
22757,1009,950.46,114,81
22758,1122,942.02,130,85
22759,5207,8283.75,336,253
22760,259,3089.85,66,50
22761,34,821.3,24,21
22762,145,2070.95,87,74
22763,191,1865.6499999999999,94,76
22764,3,74.85,2,2
22765,25,257.37,3,3
22766,3206,9365.78,466,278
22767,761,6932.83,208,152
22768,837,7646.839999999999,235,184
22769,6,137.7,3,3
22770,83,1223.25,55,44
22771,5753,6923.17,334,168
22772,3345,3926.72,177,84
22773,1852,2242.52,150,82
22774,2007,2322.27,100,56
22775,2614,3169.87,161,79
22776,1116,10570.6,451,327
22777,331,2598.4500000000003,42,37
22778,757,2743.75,112,80
22779,1535,5781.35,152,88
22780,1340,5018.84,132,82
22781,533,3916.79,161,118
22782,241,3399.95,74,65
22783,462,5922.12,32,29
22784,1214,5721.42,269,192
22785,212,797.44,54,48
22786,108,576.64,37,31
22788,205,1734.05,46,33
22789,838,1605.84,131,101
22791,7336,8378.890000000001,266,184
22792,2313,1888.31,130,100
22794,300,2373.0,157,114
22795,1099,7084.650000000001,291,170
22796,554,5377.45,215,146
22797,146,2459.04,79,63
22798,1643,4687.01,189,126
22799,198,1497.8,80,70
22800,765,2817.13,139,109
22801,890,3223.35,165,123
22802,66,1055.7,35,30
22803,46,1715.9,25,18
22804,2869,7247.910000000001,421,252
22805,1574,1924.18,125,77
22806,243,595.6500000000001,28,28
22807,676,1796.64,111,74
22808,320,899.8000000000002,54,51
22809,1198,3517.6600000000003,179,141
22810,908,2792.0800000000004,141,106
22811,775,1987.9299999999998,56,37
22812,1571,2964.7699999999995,127,98
22813,2265,4203.33,154,116
22814,1581,633.78,96,75
22815,1810,747.24,114,79
22816,3438,1420.2,180,158
22817,1858,763.08,126,79
22818,3162,1319.4,164,151
22819,1848,758.88,126,94
22820,761,494.83000000000004,46,42
22821,834,542.46,67,52
22822,417,2402.6600000000003,145,121
22823,24,2745.0,13,13
22824,55,1938.2500000000002,43,42
22825,70,544.5,25,23
22826,58,6210.0,41,33
22827,35,5415.0,26,21
22828,10,1530.0,7,7
22829,215,2066.75,99,80
22830,131,2610.29,6,5
22831,684,1960.2000000000003,106,91
22832,155,1645.45,69,64
22833,75,2503.5299999999997,4,4
22834,4633,6149.33,299,199
22835,2972,13847.28,518,316
22837,992,4479.2,136,108
22838,652,8737.78,136,115
22839,364,4954.5599999999995,139,107
22840,891,6600.7300000000005,253,193
22841,516,3895.48,200,156
22842,572,3609.8,146,120
22843,434,2691.88,115,92
22844,826,6779.35,296,176
22845,704,4208.09,237,155
22846,626,9597.31,249,158
22847,851,13191.689999999999,342,214
22848,302,4598.349999999999,112,68
22849,308,4706.36,121,79
22851,2609,2148.23,297,198
22852,354,1507.92,108,83
22853,431,1396.95,101,76
22854,750,3547.3,149,123
22855,2508,2984.52,180,152
22856,564,650.28,22,21
22857,1156,945.16,61,56
22858,1081,1718.85,113,103
22859,1150,1832.6999999999998,130,111
22860,567,935.55,87,82
22861,292,481.79999999999995,38,36
22862,143,607.75,46,42
22863,693,1948.3500000000001,95,77
22865,8115,16237.630000000001,594,375
22866,6118,12248.760000000002,502,329
22867,6001,12081.430000000002,488,333
22868,54,105.3,11,10
22869,69,134.54999999999998,19,18
22870,67,130.65,17,14
22871,52,101.39999999999999,10,10
22872,55,107.25,13,13
22873,47,91.64999999999999,13,12
22874,54,105.3,12,10
22875,51,99.45,14,14
22876,52,101.39999999999999,11,11
22877,56,109.2,13,12
22878,52,109.2,11,10
22879,62,69.34,8,6
22880,72,88.84,12,8
22881,79,102.49,13,9
22882,83,110.28999999999999,20,13
22883,78,100.53999999999999,11,9
22884,75,94.69,16,12
22885,79,102.49,12,10
22886,74,92.74,13,8
22887,66,77.14,11,8
22888,63,71.28999999999999,8,7
22889,147,164.58,9,6
22890,366,3505.12,149,94
22891,345,1519.01,108,69
22892,2461,3007.85,197,117
22893,1464,591.84,66,45
22894,291,2821.95,110,82
22895,1980,5855.24,245,163
22896,1498,3566.77,226,144
22897,1298,1850.66,174,135
22898,2201,4120.85,284,201
22899,1982,3986.88,262,190
22900,4580,13068.2,388,194
22902,1212,2306.58,96,71
22903,153,427.43,32,21
22904,1768,5072.64,241,162
22905,478,1225.49,69,50
22906,1628,2590.2,200,150
22907,6102,4966.32,565,357
22908,4234,3330.64,324,212
22909,8122,6530.259999999999,511,368
22910,9433,25669.27,713,470
22911,438,1246.94,82,68
22912,270,1222.74,91,74
22913,327,1479.69,95,78
22914,428,1979.64,136,106
22915,2928,1104.36,134,110
22916,1819,1170.3500000000001,194,130
22917,1858,1195.7,198,132
22918,1776,1122.4,195,130
22919,1669,1072.8500000000001,198,132
22920,3329,2000.3500000000001,194,133
22921,1648,1059.2,172,116
22922,1482,1226.3999999999999,88,73
22923,1281,1042.05,76,64
22924,1188,978.5999999999999,76,63
22925,427,2517.67,164,125
22926,569,3313.55,186,140
22927,395,2278.25,129,94
22928,251,1535.5700000000002,88,62
22929,19,1199.75,13,13
22930,1041,2515.67,147,120
22931,794,1878.61,113,95
22932,872,1950.9,64,51
22933,876,2272.2000000000003,92,82
22934,560,1527.2,69,65
22935,673,1964.25,52,46
22936,258,766.88,35,30
22937,941,2425.19,141,122
22938,2321,4355.33,172,160
22939,448,2188.48,104,77
22940,1896,7722.68,315,240
22941,1572,12150.0,255,205
22942,581,4108.75,132,111
22943,1280,5968.9800000000005,161,128
22944,2704,1125.94,60,50
22945,2863,2401.0299999999997,140,118
22946,370,5340.0,91,64
22947,536,5047.6,104,81
22948,1456,1286.56,106,69
22949,947,1373.1499999999999,87,81
22950,5180,7045.4,167,156
22951,7247,3755.4100000000003,369,237
22952,14759,7431.05,496,343
22953,460,578.63,83,61
22954,165,206.25,29,20
22955,1005,1929.14,111,91
22956,2003,3823.5600000000004,178,144
22957,1749,4881.150000000001,201,179
22959,4876,2003.92,140,133
22960,8151,32662.97,887,573
22961,15055,21170.75,875,537
22962,3681,2952.5699999999997,247,180
22963,3071,2452.0099999999998,211,165
22964,2514,5034.64,302,216
22965,1318,2726.42,209,171
22966,7204,8625.130000000001,572,388
22967,1161,3230.55,132,122
22968,729,6574.95,145,118
22969,12092,17521.6,519,429
22970,4246,9666.3,284,180
22971,2365,5603.57,235,164
22972,1715,2790.7099999999996,184,139
22973,1192,1924.4799999999998,112,81
22974,1523,2457.99,162,126
22975,1118,1405.97,144,110
22976,1047,1313.59,116,77
22977,905,1132.46,113,98
22978,2407,9184.279999999999,198,153
22979,3920,5795.86,313,225
22980,2289,3661.8899999999994,247,198
22981,436,603.4,76,58
22982,1045,1308.3,147,120
22983,5038,2072.79,333,223
22984,2678,1073.74,142,91
22985,3750,1487.0,96,77
22986,4101,1710.42,154,124
22987,100,42.0,4,4
22988,8821,10150.220000000001,338,197
22989,2697,8323.17,318,241
22990,607,2695.29,144,117
22991,3710,6820.74,241,185
22992,4917,8950.289999999999,296,217
22993,11792,14180.17,893,431
22994,2107,883.5,163,89
22995,2236,936.24,187,90
22996,4552,1880.16,301,155
22997,2527,1059.9,186,101
22998,11769,4693.4,448,217
22999,2875,1206.06,193,108
23000,3044,1275.6,208,125
23002,2078,871.32,145,85
23003,541,225.78,53,38
23004,1862,783.68,129,73
23005,4396,1788.72,182,105
23006,1699,712.14,131,88
23007,450,7065.499999999999,143,110
23008,421,6567.95,122,99
23009,209,3262.5499999999997,61,48
23010,285,4444.75,89,73
23012,1017,3775.4900000000002,203,151
23013,866,3215.0400000000004,182,135
23014,800,2959.6800000000003,164,122
23015,37,305.25,17,15
23016,69,512.85,19,19
23017,64,751.4000000000001,21,20
23018,50,587.2,20,19
23019,81,629.0500000000001,28,26
23020,176,2092.0,72,67
23021,118,480.1,26,24
23022,416,795.6800000000001,23,19
23023,272,431.23999999999995,25,23
23024,254,662.0600000000001,10,8
23025,317,669.61,46,40
23026,504,1019.0500000000001,56,43
23027,287,596.96,27,26
23028,1247,2000.1899999999998,116,88
23029,1284,2080.2,138,97
23031,1246,2017.4999999999998,140,93
23032,2264,3629.9999999999995,190,117
23033,685,952.4499999999999,60,42
23034,947,1332.35,82,57
23035,2089,2941.69,170,110
23036,183,228.75,16,14
23037,193,315.28999999999996,18,17
23038,41,38.029999999999994,6,4
23039,192,370.79999999999995,23,22
23040,246,1318.5,38,33
23041,260,1079.0,48,46
23042,99,658.35,25,25
23043,75,468.75,19,18
23044,103,427.45000000000005,27,24
23045,116,481.40000000000003,23,22
23046,347,2091.55,34,31
23047,58,333.5,26,25
23048,564,2264.7400000000002,92,81
23049,435,3572.75,169,103
23050,459,3763.55,176,116
23051,335,2741.35,133,95
23052,571,4694.75,221,147
23053,319,2598.15,130,105
23054,268,2206.2,110,81
23055,561,1292.97,39,33
23056,869,2808.41,41,33
23057,677,1660.99,44,38
23058,486,421.02000000000004,44,39
23060,244,507.52000000000004,41,34
23061,964,1199.96,91,76
23064,220,3617.6000000000004,22,20
23065,257,3115.3,93,81
23066,245,1963.65,76,69
23067,277,1149.5500000000002,78,63
23068,805,1937.2100000000003,133,106
23069,89,556.25,32,27
23070,147,610.0500000000001,33,29
23071,317,1230.1,22,16
23072,326,1099.0,22,21
23073,142,1694.0,60,49
23074,225,452.34000000000003,36,32
23075,470,1931.3000000000002,80,61
23076,7920,9668.16,249,202
23077,9662,11640.7,309,217
23078,6607,8077.31,213,159
23079,250,2216.5,107,83
23080,1003,7962.03,228,148
23081,454,3614.64,116,80
23082,2265,8129.43,273,205
23083,1860,6739.63,213,161
23084,27202,51346.2,842,450
23085,374,3489.7000000000003,81,64
23086,1194,1371.54,37,31
23087,830,997.1800000000001,49,43
23088,760,947.18,57,52
23089,2136,3497.22,138,101
23090,2130,1723.62,126,96
23091,570,3488.25,200,160
23092,509,3584.0600000000004,126,96
23093,916,2125.1600000000003,124,105
23094,147,1837.5,74,65
23096,1007,1629.83,119,89
23099,132,858.9000000000001,55,46
23100,2093,2565.85,222,180
23101,1948,1574.6,196,175
23102,1245,1006.9499999999999,144,128
23103,3939,6456.149999999999,334,231
23104,116,1355.5,44,38
23106,283,769.27,50,49
23107,340,919.8000000000001,61,60
23108,2194,12985.23,354,271
23109,2325,6528.25,237,178
23110,664,3685.2,221,157
23111,296,3464.8,125,80
23112,472,3444.8,184,134
23113,1138,5695.86,43,39
23114,144,684.0000000000001,41,40
23115,147,698.85,40,38
23116,72,327.6,18,17
23117,85,420.75,39,39
23118,765,5399.02,225,154
23119,2156,1276.33,117,97
23120,1648,657.6,92,69
23121,2465,960.42,96,81
23122,2093,1554.31,99,89
23123,900,706.0799999999999,69,64
23124,503,595.15,24,23
23125,405,443.25,16,15
23126,1089,5297.030000000001,278,198
23127,714,3511.34,185,146
23128,436,2109.88,132,112
23129,942,3933.1800000000003,165,138
23130,918,3748.42,167,139
23131,894,3636.78,110,91
23132,1022,5069.58,144,115
23133,759,5142.91,134,94
23134,1064,6414.48,37,29
23135,1538,5378.8,42,31
23136,127,467.05,44,39
23137,80,253.24,20,18
23138,875,1209.1499999999999,80,60
23139,407,503.83,24,20
23140,160,658.5400000000001,35,29
23141,68,215.00000000000003,18,18
23142,116,1137.65,36,34
23143,25,156.8,12,12
23144,4894,3879.9799999999996,238,180
23145,2054,1919.3399999999997,151,128
23146,781,2535.89,217,151
23147,1845,2672.85,255,170
23148,2118,1756.4999999999998,244,143
23149,97,241.53000000000003,19,17
23150,139,346.11,40,33
23151,60,106.9,20,18
23152,545,2013.51,152,108
23153,248,923.63,78,67
23154,2472,4986.49,228,141
23155,2106,1679.34,113,84
23156,1638,3311.78,191,117
23157,2543,5058.59,153,111
23158,2538,5121.4800000000005,189,96
23159,2283,4620.97,202,121
23160,1404,1666.8,61,50
23161,1608,1896.6000000000001,68,58
23162,1362,4789.24,142,96
23163,1714,3949.7000000000003,134,95
23164,564,2579.21,80,70
23165,2954,4624.499999999999,225,167
23166,77916,81416.73000000001,198,138
23167,5666,4184.179999999999,184,129
23168,2850,3285.67,223,140
23169,1453,5837.950000000001,265,203
23170,6575,10190.789999999999,329,224
23171,5966,9184.9,271,195
23172,3688,5793.28,224,160
23173,2666,23073.32,361,248
23174,2956,11575.54,269,190
23175,3066,9008.0,273,206
23176,2090,4377.76,189,159
23177,2431,5036.55,220,174
23178,312,845.5,57,50
23179,304,837.88,40,36
23180,104,471.90000000000003,36,29
23181,185,1484.25,69,60
23182,3414,2837.5699999999997,267,140
23183,178,690.71,59,45
23184,778,3749.5,199,129
23185,323,116.58999999999999,32,27
23186,1982,819.4599999999999,71,57
23187,2338,695.06,75,66
23188,3098,5103.459999999999,288,207
23189,1215,3319.35,114,89
23190,1678,2691.14,180,145
23191,2176,3520.3999999999996,257,182
23192,3286,5225.219999999999,324,224
23193,1855,3768.57,143,109
23194,1754,3688.67,177,142
23196,1760,2484.7999999999997,243,170
23197,1368,1971.04,186,116
23198,3067,4346.99,386,259
23199,13887,26451.260000000002,726,344
23200,6733,13043.24,477,262
23201,12540,24175.0,761,396
23202,10716,20963.93,782,377
23203,19516,37684.38,1098,505
23204,7039,5632.15,427,199
23205,5152,4106.72,349,201
23206,11565,18278.25,895,401
23207,7554,12029.06,671,377
23208,6225,10006.45,615,305
23209,13004,20817.56,1029,469
23210,2803,3377.75,169,115
23211,2208,2634.0,120,82
23212,2179,2582.63,154,104
23213,1595,1923.19,125,95
23214,777,1635.23,98,79
23215,3547,6962.04,203,162
23216,518,613.51,41,32
23217,1290,1567.0,86,64
23218,372,465.81,33,27
23219,404,504.6,52,41
23220,930,775.26,79,55
23221,1461,1241.59,114,85
23222,776,690.64,66,49
23223,747,671.77,70,51
23224,719,620.4499999999999,59,44
23225,1297,1090.4299999999998,70,46
23226,1199,1478.59,72,56
23227,1592,1947.06,87,61
23228,1397,1726.3,79,58
23229,1804,6336.43,219,186
23230,7950,3207.0,233,178
23231,7225,2986.5,257,190
23232,8626,3478.92,243,188
23233,5175,2105.5,159,130
23234,1635,4576.05,235,201
23235,729,1902.69,99,88
23236,2459,6828.31,296,203
23237,1044,4212.200000000001,170,131
23238,1788,7170.6,244,150
23239,823,3188.05,163,125
23240,4103,16432.25,498,323
23241,2024,4099.52,295,183
23242,1436,2898.56,196,132
23243,4663,22133.83,389,275
23244,925,1692.9099999999999,105,87
23245,5856,26625.68,727,472
23247,2060,5795.2,277,231
23249,802,1294.4999999999998,69,57
23250,1103,1358.59,89,64
23251,1646,1956.7,103,80
23252,590,2168.34,128,104
23253,214,3082.1,47,44
23254,1664,6704.0,284,204
23255,963,3856.59,144,116
23256,2018,8123.780000000001,330,232
23263,3747,4829.08,431,269
23264,1845,2400.45,267,177
23265,1680,2172.46,270,180
23266,1975,2543.39,297,201
23267,1158,1427.34,94,79
23268,1435,1981.6299999999999,79,68
23269,755,1075.55,79,63
23270,1166,1625.8999999999999,125,96
23271,1622,1316.82,78,69
23272,352,522.7399999999999,35,34
23273,928,1533.84,98,88
23274,1142,1875.0599999999997,102,85
23275,3642,4327.42,285,171
23280,1995,1546.91,135,87
23281,1270,976.22,94,56
23282,753,612.7199999999999,104,67
23283,967,6600.27,209,146
23284,5342,35913.85,655,378
23285,4679,4384.83,132,108
23286,4901,4528.29,164,125
23287,1782,1452.3,149,114
23288,4505,4261.889999999999,135,107
23289,1553,1854.8500000000001,142,111
23290,2367,2757.15,174,125
23291,1549,1881.39,146,104
23292,2082,2487.62,166,113
23293,8243,6469.45,475,323
23294,4292,3360.18,302,214
23295,5963,4675.61,370,250
23296,4879,5687.150000000001,324,243
23297,4260,6677.0,142,123
23298,7785,36173.950000000004,1024,573
23299,983,3567.67,124,110
23300,6303,9963.39,649,351
23301,7740,12493.48,768,405
23302,1481,1993.9099999999999,193,140
23303,65,126.75,6,6
23304,71,138.45,9,9
23305,82,159.9,9,9
23306,2692,3819.9399999999996,211,182
23307,11675,5982.09,529,366
23308,5967,3098.21,317,209
23309,7727,3729.05,315,178
23310,11891,4894.83,214,146
23311,2199,5564.25,284,246
23312,1365,5527.150000000001,198,168
23313,2755,12994.77,371,254
23314,393,4663.52,106,87
23315,202,1894.7,76,63
23316,236,2222.2,96,75
23317,162,1557.8999999999999,71,56
23318,3647,8350.41,337,270
23319,3539,8216.79,381,300
23320,2635,6926.110000000001,321,260
23321,4283,6832.829999999999,605,378
23322,2908,8184.700000000001,528,350
23323,1426,2963.1000000000004,282,210
23324,381,770.4000000000001,39,38
23325,444,701.4,30,27
23326,3370,2000.2200000000003,56,52
23327,1710,1012.0200000000001,35,33
23328,2067,7510.29,289,195
23329,1712,2812.7999999999997,243,168
23330,1761,2193.69,210,158
23331,1492,932.2800000000001,86,67
23332,1996,3283.7999999999997,281,207
23333,2030,2524.9,232,179
23334,2154,1345.5,101,83
23335,359,724.6400000000001,83,62
23336,200,418.05,65,46
23337,169,351.52000000000004,60,49
23338,405,820.32,91,62
23339,150,312.0,58,43
23340,2465,3899.2499999999995,124,112
23341,282,2325.6,99,75
23342,367,3068.5,157,105
23343,4908,9748.34,396,286
23344,8954,17679.72,602,391
23345,2398,2759.5,138,100
23346,2571,2975.75,142,106
23347,827,999.75,71,51
23348,680,1371.48,127,95
23349,2857,3462.89,257,214
23350,2593,3165.65,255,205
23351,3058,3699.02,278,242
23352,1596,1964.76,165,151
23353,3735,3076.2899999999995,261,227
23354,3346,2753.4199999999996,271,235
23355,5338,24426.300000000003,740,474
23356,2352,13115.400000000001,473,316
23357,435,1843.5500000000002,91,79
23358,528,1689.9,68,61
23359,979,1840.6499999999999,77,73
23360,1151,2158.0499999999997,112,94
23365,1531,992.7500000000001,133,107
23366,1923,1211.5500000000002,145,115
23367,2785,1807.8500000000001,238,184
23368,2155,1398.3500000000001,185,134
23369,901,1053.29,98,80
23370,1359,1650.1100000000001,113,86
23371,1505,1783.97,140,98
23372,1296,1522.72,105,76
23373,1563,1241.6599999999999,88,86
23374,2444,1944.08,122,108
23375,1327,1068.1399999999999,89,85
23376,2642,1000.14,118,104
23377,1203,469.16999999999996,84,69
23378,3419,1272.9299999999998,156,127
23379,1175,428.01,51,49
23380,2159,811.77,96,86
23381,1487,549.6899999999999,67,59
23382,1712,6155.04,164,136
23388,793,3170.9500000000003,138,115
23389,1050,4217.5,212,159
23390,725,2888.75,153,117
23391,361,1458.15,71,58
23392,592,1175.68,83,70
23393,769,2883.75,208,165
23394,395,1481.25,124,90
23395,696,2604.48,185,141
23396,616,2304.48,175,134
23397,434,4069.9,176,139
23398,591,499.22999999999996,66,53
23399,1823,1546.4299999999998,191,146
23400,448,2247.36,96,76
23401,443,2155.51,70,59
23402,281,1031.67,56,47
23403,596,1984.06,112,80
23404,969,4108.58,136,104
23405,237,1137.95,60,54
23406,435,2154.79,95,65
23407,250,2446.62,119,103
23408,310,644.8000000000001,59,53
23409,208,771.72,41,39
23410,36,290.1,18,16
23411,217,1016.5500000000001,47,42
23412,351,2269.14,72,64
23413,160,763.2,45,34
23414,139,1348.01,62,58
23415,326,405.59999999999997,45,42
23416,123,155.06999999999996,18,18
23417,140,137.76,22,21
23418,534,1068.96,61,55
23419,438,897.12,62,56
23420,160,332.8,29,26
23421,154,320.32,27,24
23422,196,407.68,31,29
23423,202,757.5,51,47
23424,413,1986.75,104,87
23425,237,435.43,35,35
23426,1232,3192.56,175,126
23427,228,2648.4,108,87
23428,70,559.5,26,25
23429,44,358.6,20,19
23430,35,285.25,17,16
23431,1432,1117.28,72,63
23432,1274,1046.86,72,65
23433,1215,1003.17,82,76
23434,1792,1632.4,136,129
23435,679,608.65,45,40
23436,1929,2251.65,92,91
23437,1909,2302.25,111,108
23438,1796,2161.0,100,88
23439,3762,7660.200000000001,399,268
23440,164,299.36,5,5
23441,22,9.24,3,3
23442,42,87.36,10,7
23444,79,1200.0,79,63
23445,2667,2147.6099999999997,96,81
23446,157,230.24999999999997,3,3
23447,158,231.89999999999998,4,4
23448,25,41.24999999999999,3,3
23449,12,15.0,1,1
23451,269,520.9499999999999,46,38
23452,510,990.9,81,69
23453,323,627.4499999999999,50,40
23454,166,679.3000000000001,53,41
23455,206,566.5400000000001,35,32
23456,158,634.1,36,33
23457,105,503.55,30,27
23458,51,762.4499999999999,30,30
23459,33,412.5,19,19
23460,108,1007.0799999999999,43,41
23461,839,2950.05,96,75
23462,77,1482.1499999999999,44,43
23463,12,119.39999999999999,7,7
23464,16,79.2,6,6
23465,28,231.0,15,15
23466,49,398.25,21,20
23467,23,75.67,5,5
23468,19,156.75,11,11
23469,320,1255.7600000000002,63,61
23470,220,1323.4,75,70
23471,65,605.9499999999999,27,26
23472,55,792.8499999999999,31,29
23473,666,531.66,44,41
23474,297,246.51,28,26
23475,280,232.39999999999998,26,25
23476,198,247.5,18,18
23477,85,106.25,8,8
23478,278,307.18,10,9
23479,110,827.5,41,35
23480,1719,6126.09,178,143
23481,217,266.21,30,23
23482,415,651.15,36,32
23483,1322,1541.62,69,57
23484,174,483.66,26,25
23485,259,5719.0,80,70
23486,267,3879.15,68,64
23487,78,753.9999999999999,42,41
23489,876,2512.44,143,125
23490,539,1988.13,96,83
23491,226,1864.5,77,64
23492,74,610.5,26,24
23493,3522,6747.9,364,282
23494,726,4218.7,179,145
23495,192,240.0,24,21
23496,88,110.0,22,21
23497,2514,3513.1,179,150
23498,1591,2205.95,93,77
23499,1247,523.74,98,86
23500,1585,1935.05,93,76
23501,1772,2105.8,89,77
23502,690,838.98,88,80
23503,3435,4246.71,337,284
23504,1668,2082.48,203,164
23505,1065,1247.25,111,93
23506,2718,1116.36,137,114
23507,2841,1129.02,111,91
23508,2476,1014.72,118,95
23509,1043,434.46000000000004,57,51
23510,2298,902.16,101,90
23511,526,1050.58,88,83
23512,485,923.54,50,46
23513,556,1072.96,62,59
23514,458,909.14,62,57
23515,558,1075.3799999999999,60,58
23516,292,1028.76,43,39
23517,312,860.88,51,50
23518,358,957.82,42,40
23519,219,755.01,19,18
23520,166,589.38,31,30
23521,388,648.62,22,21
23522,341,652.17,21,20
23523,357,1151.43,38,35
23524,465,1441.98,51,42
23525,568,1781.64,45,38
23526,882,4346.82,92,79
23527,416,1398.72,44,40
23528,462,1381.38,34,30
23529,629,1952.3100000000002,30,26
23530,1043,4270.95,75,60
23531,963,5340.21,99,77
23532,205,853.47,26,23
23533,210,936.34,31,27
23534,1207,6326.83,196,159
23535,1128,5928.36,167,135
23536,613,3274.0299999999997,74,68
23537,98,446.70000000000005,21,20
23538,327,1278.87,28,25
23539,237,1129.71,35,32
23540,146,890.54,10,9
23541,829,6154.69,120,97
23542,484,3442.68,70,55
23543,1228,6877.72,97,81
23544,164,1015.78,20,17
23545,2475,1023.5,84,76
23546,3275,1375.5,121,106
23547,1575,661.5,62,57
23548,1075,451.5,43,42
23549,1300,546.0,51,46
23550,1850,761.0,63,60
23551,1617,630.63,100,88
23552,1731,3338.8,111,93
23553,558,6257.35,63,50
23554,421,4755.65,56,49
23555,422,4768.15,52,45
23556,438,4949.55,55,46
23557,347,3867.85,29,25
23558,413,4641.7,50,43
23559,566,1135.52,78,69
23560,164,449.96,21,20
23561,167,458.63,13,13
23562,245,684.05,39,37
23564,587,703.51,42,39
23565,348,435.0,31,28
23566,786,922.02,47,44
23567,187,233.75,19,15
23568,580,664.52,28,24
23569,933,4531.95,184,152
23570,1846,2307.5,248,203
23571,2036,3330.5999999999995,227,195
23574,14,105.0,14,9
23575,164,305.4,24,22
23576,185,346.34999999999997,30,28
23578,56,109.2,11,11
23579,151,280.05,26,22
23580,111,216.45,22,20
23581,4373,8529.24,315,230
23582,4447,8535.26,241,186
23583,3315,5267.75,311,233
23597,248,667.6,30,28
23598,421,1177.95,43,40
23630,1,2.99,1,1
23660,293,483.44999999999993,31,30
23661,204,336.59999999999997,24,23
23664,1,1.65,1,1
23681,1548,2434.2,120,105
23691,1175,481.5,38,36
23692,50,21.0,2,2
23694,348,141.84,24,23
23695,727,296.7,46,41
23697,438,179.64,27,26
23702,4,27.0,3,3
23843,80995,168469.6,1,1
35001G,157,510.83,27,23
35001W,92,270.02000000000004,5,5
35004B,475,2251.15,48,30
35004C,393,1882.65,38,28
35004G,126,448.3,20,16
35004P,1,5.45,1,1
35095A,811,293.82,34,29
35095B,772,277.44,41,36
35241,89,413.95000000000005,30,27
35265,16,50.25,11,11
35271S,19,3.6100000000000003,2,2
35400,10,89.5,5,5
35443,7,5.949999999999999,5,5
35471D,1668,695.4599999999999,148,114
35591T,5,6.25,4,4
35597A,1,1.25,1,1
35597B,1,1.25,1,1
35597D,46,17.48,2,2
35598A,9,26.550000000000004,2,2
35598B,554,433.70000000000005,22,20
35598C,2,5.9,2,2
35598D,660,433.22,24,23
35599B,209,503.85,23,19
35599D,186,465.38,19,17
35607A,24,4.5600000000000005,1,1
35607B,96,18.240000000000002,7,7
35610A,8,10.0,1,1
35610B,24,30.0,1,1
35610C,24,30.0,1,1
35637A,166,363.7,24,23
35637C,28,62.6,7,7
35638A,38,82.1,5,5
35638B,56,109.2,4,4
35645,4,17.0,3,2
35646,513,668.88,46,32
35647,13,16.25,2,2
35648,814,776.42,64,40
35649,16,51.82,7,5
35650,1,4.95,1,1
35651,330,557.0999999999999,34,29
35653,47,138.65,17,11
35809A,389,374.94,42,37
35809B,8,9.18,3,3
35810A,603,546.2099999999999,54,46
35810B,147,155.03,21,18
35815P,162,63.28000000000001,5,5
35816P,78,29.64,2,2
35817P,18,19.86,2,2
35818B,31,11.780000000000001,3,3
35818P,264,100.32000000000001,18,15
35819B,268,101.84,27,19
35819P,95,66.55,7,7
35833P,37,46.25,12,8
35909A,8,23.6,3,3
35909B,8,23.6,2,2
35910A,20,39.0,4,4
35910B,13,25.349999999999998,3,3
35911A,205,194.14999999999998,25,23
35911B,17,35.7,4,4
35912B,249,283.89,18,15
35913B,35,29.75,10,8
35914,136,163.1,19,16
35915B,91,150.14999999999998,14,14
35915C,49,80.85,8,8
35916A,20,17.0,3,3
35916B,6,5.1,1,1
35916C,54,45.9,5,5
35920,67,83.75,11,11
35921,54,67.5,11,9
35922,28,138.6,10,10
35923,1265,631.71,42,30
35924,724,1262.1,33,25
35933,222,84.36,16,15
35953,3017,1282.4099999999999,89,81
35954,1124,253.35000000000002,34,30
35957,558,146.04000000000002,7,7
35958,12,10.2,3,3
35961,2692,2138.44,159,116
35964,624,246.78,40,34
35965,181,181.87,28,22
35966,27,10.260000000000002,2,2
35967,381,150.54000000000002,29,24
35968,145,52.760000000000005,18,14
35970,4647,7665.110000000001,349,270
35971,423,504.64,56,39
35972,96,120.0,17,14
37327,1375,548.37,48,36
37330,6,2.34,1,1
37333,14,54.3,11,9
37340,2042,803.74,64,59
37342,1435,1142.29,64,50
37343,62,89.69999999999999,8,8
37351,4,1.56,1,1
37370,2508,2835.08,120,72
37379A,6,7.5,1,1
37413,701,283.71,81,52
37423,78,33.18,3,3
37444A,49,31.910000000000004,16,9
37444B,4,11.8,3,2
37444C,21,31.23,9,5
37446,1297,1775.05,159,93
37447,757,1104.8899999999999,76,51
37448,1404,2043.0,161,78
37449,562,5084.78,153,106
37450,668,1841.0,103,47
37461,1,1.25,1,1
37462E,27,5.59,4,4
37464,3,3.75,2,2
37467,128,60.04,11,11
37468,64,24.96,13,11
37471,12,10.2,1,1
37475,57,532.11,30,27
37476,17,160.39,9,9
37479B,127,60.33,17,16
37479P,130,57.18,23,15
37482P,489,220.95,37,30
37487B,68,19.72,2,2
37488A,28,10.92,3,3
37489A,33,14.43,15,14
37489B,31,16.77,12,12
37489C,23,13.65,8,8
37489D,40,17.16,17,16
37491B,4,6.6,1,1
37491C,8,13.2,1,1
37491D,2,3.3,1,1
37495,428,1547.4,84,75
37500,338,1972.46,80,53
37501,102,708.9000000000001,29,28
37509,2,5.1,2,2
40001,755,573.7099999999999,35,23
40003,147,154.95,11,10
40005B,12,10.2,4,4
40016,5524,1870.7,75,54
40046A,50,62.5,6,6
44089A,15,6.3,4,4
44089C,24,10.08,6,6
44091A,9,3.78,3,3
44092B,14,11.899999999999999,5,4
44092C,20,17.0,8,5
44228,36,30.599999999999998,2,2
44234,645,121.04999999999998,23,17
44235,539,200.45999999999998,16,11
44236,52,56.52,7,6
44242A,12,9.48,1,1
44242B,52,50.28,3,3
44265,2,8.5,1,1
45013,3,8.850000000000001,2,2
46000M,1008,1562.4,134,92
46000P,17,72.25,5,5
46000R,101,146.45,37,22
46000S,1551,2248.95,182,128
46000U,107,133.75,26,16
46115B,12,2.2800000000000002,2,1
46118,193,164.04999999999998,18,12
46126A,48,60.0,6,5
46138B,43,43.15,12,8
46775D,24,406.79999999999995,13,12
46776A,14,69.30000000000001,6,6
46776B,15,74.25,7,6
46776C,11,54.45,6,6
46776D,12,59.400000000000006,3,3
46776E,14,69.3,5,5
46776F,19,94.05000000000001,8,6
47013A,14,3.0399999999999996,4,4
47013C,43,5.5,7,7
47016,2,4.2,1,1
47021G,518,230.39999999999998,15,12
47310M,265,326.73,48,23
47341A,27,38.75,5,5
47341B,45,56.25,11,11
47343A,159,145.17,14,13
47344B,44,43.66,6,6
47348A,97,50.31,15,11
47351B,86,234.5,9,7
47367B,57,194.55,11,11
47369A,8,23.6,6,6
47369B,3,11.690000000000001,3,3
47420,202,38.38,19,11
47421,975,385.02,63,16
47422,555,220.14000000000001,55,16
47469,359,167.10999999999999,17,10
47471,264,150.18,26,19
47480,692,1092.8799999999999,54,29
47481,222,164.22,20,15
47503A,2754,1261.69,168,123
47503H,96,92.08,36,30
47503J,1,7.95,1,1
47504H,948,860.88,92,68
47504K,1958,1826.78,179,141
47518F,827,113.64,28,19
47556B,2600,6045.0,2,1
47559B,2004,2416.67,246,152
47563A,199,251.25,46,31
47566,15291,68844.33,1396,708
47566B,2291,10445.25,317,192
47567B,592,3289.7200000000003,128,81
47570B,180,1642.68,26,23
47574A,423,366.25,52,36
47574B,4,17.0,2,2
47578A,198,168.29999999999998,31,26
47579,1,2.1,1,1
47580,330,818.7099999999999,78,55
47585A,102,382.5,27,23
47586A,21,53.55,8,7
47589,13,70.85000000000001,3,3
47590A,1950,10107.52,356,228
47590B,2287,11688.150000000001,363,238
47591B,38,62.699999999999996,10,9
47591D,3144,5823.36,401,250
47593A,33,14.37,13,10
47593B,1663,676.39,96,68
47594A,52,101.39999999999999,26,26
47594B,91,177.45,30,26
47599A,2409,4481.62,146,102
47599B,1451,2728.94,108,69
48111,1107,6715.25,177,111
48116,1419,8053.22,142,88
48129,880,5644.46,183,125
48138,3625,23697.99,520,313
48173C,1787,9822.2,176,105
48184,1975,13470.95,358,227
48185,3429,21187.69,244,143
48187,3721,22968.25,537,314
48188,2028,11544.2,253,163
48194,3271,19948.81,484,286
51008,511,1662.95,19,16
51014A,3621,1777.61,161,106
51014C,2462,1180.26,113,71
51014L,1936,951.54,107,72
51020A,325,116.32999999999998,18,16
51020B,197,70.57,15,13
62018,4402,5691.5,59,39
62043B,17,14.11,5,5
62074B,16,6.72,4,4
62086A,86,167.7,13,13
62094B,13,33.15,3,2
62096A,106,132.5,8,7
62096B,2,2.5,1,1
62097B,9,7.469999999999999,3,2
70006,2620,1657.6999999999998,81,72
70007,732,639.36,58,46
71038,239,1244.95,49,34
71050,33,11.549999999999999,6,5
71053,1639,5915.95,263,149
71101E,348,280.2,23,17
71143,10,8.5,1,1
71215,11,4.62,2,2
71270,207,259.96,35,16
71279,156,450.6000000000001,29,20
71403,54,159.3,14,12
71406C,138,57.96,21,13
71459,12941,10031.45,380,226
71477,6652,20049.12,268,155
71495A,96,34.56,2,2
71495B,160,58.56,5,4
71496A,114,61.86000000000001,5,5
71496B,13,7.37,4,4
71510,52,36.519999999999996,8,5
72024U,72,15.120000000000001,3,3
72051S,46,19.32,6,5
72122,292,277.4,46,38
72127,168,208.1,30,25
72128,189,145.53,33,28
72130,215,126.79,25,20
72131,137,238.34999999999997,19,14
72132,28,54.599999999999994,12,9
72133,39,48.75,14,11
72134,98,47.18,8,6
72140E,31,26.349999999999998,8,8
72225C,600,158.64,16,12
72232,3317,630.23,66,45
72349B,689,1318.98,95,51
72351A,1248,2414.16,139,78
72351B,2060,3860.2400000000002,159,87
72369A,28,35.0,4,3
72586,626,262.92,38,36
72598,459,364.95,43,38
72709,44,37.4,7,4
72741,5801,7785.049999999999,251,195
72760B,386,3677.18,136,104
72780,137,116.44999999999999,20,18
72783,16,33.6,2,2
72798C,7,11.549999999999999,3,3
72799C,80,123.68,18,17
72799E,394,728.1400000000001,50,43
72799F,128,368.00000000000006,22,19
72800B,140,270.76,39,31
72800C,126,235.06,32,26
72800D,86,219.29999999999998,30,20
72800E,453,921.39,102,62
72801C,138,163.38,14,13
72801D,58,72.5,12,10
72801G,55,68.75,12,9
72802A,316,1275.92,57,44
72802B,968,1749.94,75,54
72802C,1375,2545.37,91,63
72803A,530,722.5,41,30
72807A,340,1406.28,68,53
72807B,350,1443.5,82,56
72807C,669,2727.97,112,83
72811,49,67.25,6,6
72812,18,49.980000000000004,4,3
72815,2,7.5,1,1
72816,827,842.51,32,26
72817,1048,961.4,96,74
72818,1821,782.77,65,51
72819,208,436.4,30,28
72821,11,18.15,4,4
75011,172,138.76,12,9
75013B,25,41.24999999999999,7,6
75049L,6821,6107.049999999999,124,71
75131,488,522.5600000000001,13,13
75172,93,85.31,8,8
75178,455,210.19,9,6
77079,1,2.12,1,1
77101A,386,423.22,21,16
78033,37,179.35,7,6
78034B,8,15.6,7,6
78124,191,247.75,18,16
79000,3808,2761.6,97,69
79026B,25,10.61,9,7
79030D,462,217.98,31,26
79030G,1364,610.0799999999999,53,44
79051A,791,265.39,40,32
79062D,52,19.4,4,4
79063C,235,43.65,14,13
79063D,189,34.91,11,9
79066K,739,618.13,110,69
79067,143,496.25,18,16
79071B,20,59.0,11,10
79144B,108,42.96,16,14
79144C,64,24.479999999999997,7,5
79149B,18,7.56,8,8
79151B,11,4.62,2,2
79157B,4,3.4,2,2
79157V,5,4.25,3,3
79160,446,798.84,54,30
79161A,2,5.9,2,2
79163,1517,621.87,33,25
79164,1672,699.96,21,12
79190A,340,142.8,34,24
79190B,655,245.1,35,24
79190D,227,95.34,25,16
79191B,154,130.9,26,23
79191C,1105,812.53,65,57
79191D,25,21.249999999999996,7,7
79192A,3,3.75,2,2
79302M,355,950.45,48,26
79321,9650,46286.51,524,205
79323B,8,54.0,1,1
79323P,4,27.0,1,1
79329,12,12.18,2,2
79331,26,17.5,3,3
79336,36,13.680000000000003,3,2
79337,644,259.96,10,9
79403,89,75.64999999999999,11,9
79406,140,30.8,6,6
81950B,117,33.93,10,8
81950V,21,8.889999999999999,7,6
81952B,200,38.0,9,9
81952V,367,69.73,27,22
81953B,11,2.09,5,2
81953P,28,5.32,3,2
82001S,1508,5231.08,106,49
82011A,16,60.0,10,8
82011B,41,139.35,19,11
82011C,51,172.05,20,17
82095,7,53.550000000000004,4,4
82482,8276,20001.65,887,410
82483,2341,14689.87,521,241
82484,5921,34478.01,606,285
82486,2085,17590.63,569,235
82494L,6282,17625.07,820,392
82551,2791,4229.719999999999,255,156
82552,2922,4462.37,299,184
82567,497,1011.4100000000001,151,86
82578,1956,1088.5600000000002,224,142
82580,5505,3018.05,388,210
82581,3749,1997.13,303,172
82582,4290,8552.220000000001,378,176
82583,6415,12832.140000000001,404,206
82599,421,879.1800000000001,87,67
82600,5833,12097.380000000001,423,221
82605,14,29.400000000000002,3,3
82613A,67,83.75,15,13
82613B,401,268.85,46,39
82613C,361,235.45,38,33
82613D,470,272.1,51,43
82615,36,91.8,1,1
82616B,308,416.78000000000003,50,35
82616C,277,385.52,52,40
84006,832,707.1999999999999,78,46
84012,1212,1190.0,95,78
84016,25,10.5,1,1
84029E,3707,13430.51,328,228
84029G,2469,9329.17,326,211
84030E,1423,5767.91,287,198
84031A,174,499.78000000000003,50,34
84031B,94,342.74,38,29
84032A,449,1112.91,108,78
84032B,654,1342.0000000000002,133,106
84033,23,37.95,7,7
84050,3139,4379.03,206,139
84051,280,212.79999999999998,26,24
84077,54415,13586.249999999998,473,307
84078A,357,13007.150000000001,106,79
84086B,16,47.2,8,3
84086C,140,413.00000000000006,21,13
84192,115,143.75,28,19
84199,129,27.09,30,28
84201B,13,2.47,2,2
84201C,5,0.95,1,1
84206A,24,4.5600000000000005,3,3
84206B,5,0.95,1,1
84206C,8,1.52,2,2
84212,10297,4871.45,103,72
84218,122,222.29999999999998,40,37
84226,49,34.510000000000005,9,9
84227,1,0.42,1,1
84228,284,113.28,19,16
84231,105,68.25,19,13
84247E,83,244.85000000000002,26,23
84247G,336,141.12,23,17
84247K,23,67.85000000000001,10,7
84247L,108,45.36,8,8
84247N,22,64.9,18,16
84249A,160,68.84,13,12
84251B,157,29.830000000000002,14,12
84251C,24,4.5600000000000005,2,2
84251G,180,34.2,15,15
84279B,182,678.18,60,48
84279P,339,1253.97,98,79
84306,2,21.9,2,2
84313B,76,175.8,13,6
84313C,461,908.15,24,17
84341B,618,252.23,34,30
84347,7907,17592.52,327,192
84352,33,543.35,22,14
84356,337,1570.15,46,32
84358,32,287.74,12,6
84360,74,388.3,17,9
84375,4149,8697.27,428,290
84378,6019,7741.84,532,376
84380,5293,6718.9,508,325
84387A,11,21.45,1,1
84388,24,13.14,6,6
84402B,61,48.19,3,3
84406B,1918,7125.38,244,133
84415A,12,15.0,2,2
84415B,6,12.5,2,2
84422,551,220.41,8,8
84429A,47,138.65,15,13
84452,74,62.9,16,14
84457,120,102.0,23,21
84459A,671,907.63,57,50
84459B,676,938.12,61,54
84461,41,104.55,14,13
84462,12,15.0,6,6
84465,10,29.5,7,7
84466,46,57.5,10,8
84497,13,48.75,7,7
84499,7,5.949999999999999,2,2
84507B,31,79.05,14,10
84507C,63,160.64999999999998,26,11
84508A,1630,3445.5000000000005,35,17
84508B,57,145.35,31,21
84508C,52,132.6,21,14
84509A,612,2194.64,139,103
84509B,156,585.0,49,37
84509C,78,273.3,24,20
84509E,70,101.06,8,7
84509G,491,856.25,46,42
84510A,1063,1295.59,151,100
84510C,98,124.92,34,25
84510E,25,26.05,9,9
84519A,477,739.1899999999999,61,45
84519B,426,547.24,93,63
84520B,481,388.69,55,51
84522,12,23.4,6,6
84527,47,84.44999999999999,6,6
84531A,140,71.75999999999999,26,24
84531B,150,83.46,26,24
84534B,46,39.1,5,5
84535A,398,185.1,20,19
84535B,1272,762.99,109,80
84536A,2729,1147.0,225,140
84536B,1684,655.34,100,74
84539,16,26.4,1,1
84548,15,24.75,4,3
84549,31,46.349999999999994,3,3
84550,1,1.65,1,1
84551,1,1.65,1,1
84558A,293,864.35,64,49
84559A,272,231.98,42,34
84559B,216,183.6,44,36
84562A,2,15.9,2,2
84563A,59,198.05,14,11
84563B,73,221.35000000000002,24,18
84568,12480,2332.8,24,18
84569A,191,239.96,26,26
84569B,76,95.0,12,11
84569C,1,1.25,1,1
84569D,269,338.67,35,32
84575A,14,39.3,4,4
84576,57,111.14999999999999,9,8
84580,335,1260.05,123,91
84581,166,623.26,71,60
84584,83,211.64999999999998,18,18
84592,70,206.50000000000003,17,15
84593,5,14.750000000000002,2,1
84595E,64,109.79999999999998,9,8
84596B,4491,2063.29,379,189
84596E,392,253.05,36,33
84596F,3301,1561.6299999999999,304,166
84596G,1662,775.02,162,84
84596J,469,205.28,27,21
84596L,1039,441.36,80,49
84597B,41,51.25,5,3
84597C,46,57.5,13,11
84598,1248,262.08,5,5
84600,48,367.6,20,16
84609,90,720.0,17,16
84613A,6,27.900000000000002,3,3
84613C,1,4.65,1,1
84614A,2,11.9,1,1
84616,11,329.45,6,6
84617,3,38.25,3,3
84620,2,11.9,1,1
84625A,455,470.75,31,24
84625C,439,478.15,28,20
84629,20,150.0,10,10
84631,17,135.15,10,7
84632,6,359.70000000000005,5,5
84637,29,172.55,13,11
84638,19,132.05,12,11
84658,46,322.38,18,14
84659A,134,314.31,22,19
84660A,837,761.9,36,30
84660B,697,686.23,30,20
84660C,639,590.57,27,20
84661A,94,132.99,11,10
84661B,95,225.48999999999998,12,10
84661C,62,70.10000000000001,5,5
84663A,260,324.04,25,21
84665,105,624.75,17,14
84666,24,94.80000000000001,4,4
84673A,63,40.95,26,21
84673B,135,114.21000000000001,42,31
84674,187,429.25000000000006,42,31
84675,9,26.55,2,2
84678,138,227.1,10,10
84679,6,55.7,2,2
84683,187,147.35000000000002,7,6
84685,21,78.75,9,6
84686,49,66.39,8,7
84687,70,376.5,20,16
84688,34,144.5,8,7
84689,3,9.95,2,2
84691,242,174.5,4,2
84692,6808,2810.67,375,209
84705C,12,15.0,1,1
84706D,6,25.7,3,3
84706F,16,47.2,10,9
84707A,66,440.73999999999995,25,21
84707B,29,178.56,13,13
84708B,53,256.75,14,13
84709B,20,119.0,11,11
84711A,14,139.29999999999998,7,7
84711B,15,149.25,8,7
84712B,19,147.87,11,9
84715,16,47.2,3,3
84723,41,97.95,6,5
84725,41,39.65,18,16
84731,2,2.04,2,2
84732B,22,8.58,2,2
84732D,11,4.29,2,2
84741C,60,117.0,14,14
84743C,1,1.25,1,1
84744,108,135.0,18,17
84745A,32,13.44,5,5
84745B,32,13.44,5,5
84746,3,11.25,1,1
84748,28,105.0,11,7
84750A,24,46.8,1,1
84750B,61,54.99,12,12
84751B,19,38.69,9,8
84754,502,586.46,37,35
84755,15611,9597.710000000001,536,318
84760S,43,62.349999999999994,9,8
84763,573,679.01,49,39
84766,146,340.7,14,11
84773,3,8.850000000000001,1,1
84789,181,599.5500000000001,44,33
84792,775,3475.19,193,125
84795B,167,1249.65,40,33
84795C,2,15.9,1,1
84796A,14,178.5,10,10
84796B,69,793.3499999999999,17,16
84798A,14,35.699999999999996,3,3
84798B,7,17.849999999999998,2,2
84799,220,155.48,9,9
84800L,360,639.36,22,20
84800M,127,174.31,11,11
84800S,113,127.57000000000001,10,9
84801A,46,96.60000000000001,5,5
84801B,22,46.2,3,3
84802A,2,3.38,1,1
84802B,4,6.76,1,1
84803B,15,25.35,3,3
84804A,70,180.58,8,8
84804B,99,188.37000000000003,6,6
84805A,30,52.5,3,3
84805B,38,52.5,3,3
84806A,137,96.88999999999999,11,11
84806B,296,394.15999999999997,19,18
84809A,38,79.80000000000001,5,5
84809B,18,37.800000000000004,1,1
84813,145,1146.97,22,20
84816,13,519.35,10,10
84817,951,710.64,56,48
84818,1424,1461.6,100,79
84819,811,951.79,62,56
84820,261,484.63,32,31
84821,947,417.34999999999997,42,35
84823,112,890.4000000000001,25,25
84824,2,31.9,2,2
84826,1162,389.38,35,28
84827,511,154.39,18,12
84828,954,1192.41,117,82
84832,2607,2176.95,192,137
84836,5757,7108.68,491,311
84840,3,25.5,3,3
84842,14,52.5,9,8
84843,161,864.35,42,36
84846A,53,111.30000000000001,11,9
84847,21,78.75,12,9
84849A,155,261.95,31,25
84849B,232,392.08,57,41
84849D,479,809.51,103,64
84854,5,24.75,1,1
84857B,24,46.8,1,1
84857C,95,198.35,8,8
84858C,185,250.05,5,4
84859A,123,248.20999999999998,31,24
84859B,31,62.629999999999995,11,10
84859C,83,176.39,21,17
84865,26,115.55,12,8
84870B,20,75.0,10,9
84870C,20,75.0,10,10
84872A,3,50.849999999999994,3,3
84873A,2,33.9,2,2
84874B,34,56.1,7,7
84875B,125,168.75,15,14
84875D,51,63.75,8,8
84876B,203,253.75,23,17
84876D,125,191.25,13,12
84877A,12,15.0,1,1
84877B,126,157.5,9,8
84877D,88,122.5,12,11
84879,35362,56580.34,1408,678
84880,303,1896.15,68,51
84881,11,69.85,5,5
84882,34,127.5,15,12
84884A,286,1076.66,64,52
84898F,45,94.50000000000001,18,15
84905,12,59.400000000000006,2,2
84906,28,98.6,10,9
84907,5,38.25,3,3
84910A,10,59.5,6,6
84912A,103,386.25,38,25
84912B,149,558.75,49,32
84913A,37,172.05,10,10
84913B,70,325.5,20,19
84915,199,281.95,11,8
84916,212,407.4,18,17
84917,170,400.5,14,13
84919,29,201.55,9,9
84920,73,273.75,27,22
84921,11,41.25,5,5
84922,8,34.0,5,5
84924A,72,281.13,24,21
84924F,10,7.9,3,3
84925D,15,38.25,10,8
84925F,80,112.47999999999999,15,14
84926A,597,198.08999999999997,31,24
84926D,705,266.64,32,25
84926E,990,329.84,38,32
84926F,423,178.0,23,18
84927A,46,53.85,14,12
84927D,45,39.78,12,9
84927E,57,71.82000000000001,12,10
84927F,295,166.35,42,36
84929,2244,545.1600000000001,62,57
84931A,84,214.2,23,20
84931B,134,341.7,27,21
84944,564,1016.4,73,62
84945,10279,8269.45,312,208
84946,16473,19239.420000000002,689,415
84947,8273,9339.34,292,177
84949,4665,7193.249999999999,254,165
84950,3361,1990.97,89,66
84951A,363,315.06,34,26
84951B,334,318.44,32,24
84952A,38,146.21,6,6
84952B,145,247.46,13,10
84952C,140,225.0,10,7
84963A,4,171.8,1,1
84963B,3,149.85000000000002,1,1
84968A,147,1787.85,49,32
84968B,2,25.5,2,2
84968C,94,1198.5,48,36
84968D,62,814.92,31,27
84968E,87,1035.06,22,15
84968F,78,951.3,30,25
84969,295,1267.99,73,48
84970L,5700,5664.78,338,234
84970S,8470,6830.589999999999,415,271
84971S,1679,1386.75,117,69
84974,40,398.0,29,26
84975,5,8.45,2,2
84976,502,420.68,29,27
84978,10980,12674.720000000001,581,304
84984A,19,88.35000000000001,6,4
84984B,17,79.05000000000001,5,4
84984D,13,60.45,4,3
84985A,42,60.9,20,15
84987,2928,4078.68,242,201
84988,3954,5566.679999999999,309,209
84989A,28,15.400000000000002,18,16
84990,2,1.1,2,2
84991,17689,8618.37,691,414
84992,13070,6274.900000000001,531,325
84993A,305,128.1,33,30
84993B,57,23.94,17,16
84997A,2525,9618.29,234,143
84997B,4035,15158.81,330,202
84997C,3694,14044.74,309,202
84997D,4922,18807.0,429,248
85006,55,57.25,9,9
85008,12,55.95,7,7
85014A,1133,6367.9400000000005,257,183
85014B,1846,10247.470000000001,306,210
85015,2130,1591.42,115,103
85016,522,459.0,25,22
85017A,6,5.1,3,2
85017B,947,491.55,75,65
85017C,50,27.02,12,10
85018D,12,30.599999999999998,7,6
85019A,409,547.25,28,25
85019B,498,640.5,25,21
85019C,181,262.25,10,9
85020,78,163.8,16,11
85023B,104,232.8,12,10
85024B,193,289.65,12,12
85024C,12,19.799999999999997,9,8
85025B,305,474.44999999999993,22,20
85025C,308,477.99999999999994,30,27
85026B,75,63.75,9,9
85027L,70,160.5,18,17
85028L,10,19.5,4,4
85028S,24,51.599999999999994,8,8
85030,15,29.25,6,6
85031A,16,45.9,7,7
85031B,1,4.95,1,1
85031C,3,14.850000000000001,1,1
85032A,738,679.8000000000001,97,82
85032B,751,663.6,94,84
85032C,597,566.4,87,72
85032D,630,467.50000000000006,59,57
85034A,492,844.04,76,58
85034B,884,1362.44,94,80
85034C,1072,1560.64,142,109
85035A,263,689.79,77,59
85035B,558,820.5,44,38
85035C,1105,1611.45,114,86
85036A,211,676.03,62,48
85036B,360,581.58,45,40
85036C,742,1051.52,84,66
85038,1018,1994.2600000000002,117,70
85039A,445,586.55,42,26
85039B,491,669.91,52,38
85039C,222,129.94,12,9
85040A,807,1348.1899999999998,132,86
85040B,135,222.74999999999997,35,28
85045,41,186.15,10,9
85047,3,19.049999999999997,2,2
85048,1266,9374.7,216,170
85049A,2907,3607.8,274,204
85049B,54,67.5,13,13
85049C,1198,1471.35,212,162
85049D,539,673.75,106,85
85049E,2747,3499.7,347,248
85049F,374,467.5,88,70
85049G,1580,1926.33,244,161
85049H,448,520.47,77,58
85053,1549,3104.32,246,157
85054,551,1233.3100000000002,90,66
85055,37,122.75,10,9
85059,290,771.21,80,62
85061W,1986,1609.8,121,77
85062,1380,2234.6699999999996,135,97
85064,205,866.05,23,20
85066,1705,20562.92,455,289
85067,7,126.64999999999999,5,5
85071A,976,512.8000000000001,92,77
85071B,1256,622.64,110,88
85071C,607,313.78,73,62
85071D,362,205.98,66,58
85078,1746,376.50000000000006,65,46
85084,17,14.45,6,6
85086A,45,38.25,8,8
85087,40,119.36000000000001,7,7
85088,188,385.27000000000004,21,18
85089,14,41.300000000000004,6,5
85092,27,40.05,2,2
85093,451,227.49,21,20
85094,502,122.94000000000001,31,29
85095,66,128.26,10,9
85096,20,75.0,12,10
85099B,46181,85220.78,1618,635
85099C,12793,23675.04,659,306
85099F,16807,30644.2,664,315
85103,91,545.45,6,6
85104,196,502.47999999999996,14,13
85106,530,918.06,10,9
85107,243,516.45,29,21
85109,12,10.2,1,1
85111,1407,419.54999999999995,54,40
85114A,585,893.25,42,20
85114B,394,626.0999999999999,52,36
85114C,457,730.05,63,37
85116,694,702.8000000000001,38,30
85118,142,135.74,6,5
85123A,36782,100603.5,2035,856
85124B,82,209.1,29,23
85124C,84,214.2,31,23
85125,129,584.65,19,14
85127,80,396.0,20,17
85129B,101,124.11,16,10
85129C,77,99.88,12,8
85129D,166,241.38,35,16
85130A,77,127.04999999999998,10,10
85130B,816,707.7,50,44
85130C,479,425.71,45,37
85130D,552,526.38,52,41
85131A,469,462.17,25,19
85131B,142,120.38,13,2
85131C,73,78.71,11,5
85131D,115,113.09,12,5
85132A,455,967.25,52,38
85132B,513,1048.35,60,44
85132C,1404,2817.7999999999997,127,96
85135A,15,119.25,6,6
85135B,47,373.65000000000003,35,28
85135C,78,620.1,50,41
85136A,51,405.45,39,35
85136B,2,15.9,2,2
85136C,35,278.25,25,20
85141,123,627.45,42,32
85144,222,586.6,44,38
85145,38,167.70000000000002,14,12
85146,43,147.85000000000002,9,8
85150,3899,8699.13,369,196
85152,8164,15539.11,596,270
85159A,451,779.4499999999999,45,38
85159B,622,1134.5,59,45
85160B,105,46.11,16,15
85161,12,221.39999999999998,9,8
85163A,45,349.95,18,15
85163B,44,333.6,14,10
85167B,48,93.0,7,7
85168B,17,149.67,7,5
85169A,502,496.72,49,44
85169B,201,191.49,25,17
85169C,336,353.72,21,14
85169D,232,236.48000000000002,22,20
85170A,1,2.1,1,1
85170B,179,195.9,23,13
85170C,252,366.23,29,26
85170D,355,497.21000000000004,51,30
85172,1328,557.76,44,34
85173,434,628.4699999999999,50,40
85174,497,1985.67,84,55
85175,5217,2078.66,131,84
85176,626,542.24,75,50
85177,775,600.61,43,40
85178,2371,2642.19,100,77
85179A,119,188.31,17,15
85179C,69,89.65,7,7
85180A,434,844.34,38,32
85180B,196,381.0,21,19
85183A,657,805.75,83,60
85183B,977,1228.25,107,84
85184C,1523,2478.4300000000003,140,116
85185B,291,839.2500000000001,68,51
85185D,15,44.25000000000001,8,7
85186A,525,220.5,39,35
85186C,413,173.46,34,32
85187,324,515.4,60,53
85188A,302,256.7,34,29
85188B,75,63.74999999999999,8,8
85189,9,7.6499999999999995,4,2
85194L,901,747.13,57,52
85194S,1163,447.75000000000006,55,50
85195,11,23.1,3,3
85197,33,69.30000000000001,19,18
85198,86,68.06,6,6
85199L,925,598.37,65,52
85199S,2234,946.0699999999999,170,101
85200,183,228.75,27,24
85202,300,126.0,49,34
85203,570,237.96,55,45
85204,1876,249.48,44,40
85205B,116,295.8,25,22
85206A,916,1450.1999999999998,106,99
85206B,14,23.099999999999998,4,4
85208,161,298.74,25,22
85211,142,151.92,19,15
85212,2452,723.7199999999999,73,60
85213,821,301.36999999999995,25,23
85214,103,169.95,43,36
85215,163,105.95000000000002,8,8
85216,55,35.75,8,6
85224,3,6.300000000000001,1,1
85225,6,6.25,3,3
85227,1322,1107.08,159,115
85230A,840,203.27999999999997,18,14
85230B,1264,326.23999999999995,38,30
85230E,1101,267.45,24,17
85230F,338,90.33999999999999,12,11
85230G,1032,257.03999999999996,25,20
85231B,798,672.06,111,74
85231G,573,471.45,67,49
85232A,74,349.5,25,22
85232B,268,1326.6,10,7
85232D,175,832.6500000000001,54,45
90000A,11,65.45,6,6
90000B,3,17.85,2,2
90000D,6,35.7,4,4
90001A,2,8.5,1,1
90001B,4,17.0,2,2
90001C,2,8.5,2,2
90001D,5,21.25,3,3
90002D,10,37.5,6,5
90003B,6,22.5,3,3
90003C,12,45.0,5,5
90003D,18,67.5,7,7
90003E,8,30.0,2,2
90010A,7,62.64999999999999,5,5
90010B,7,62.64999999999999,3,3
90010E,10,89.5,7,7
90011A,1,2.95,1,1
90011B,7,20.650000000000002,2,2
90012A,8,23.6,2,2
90012B,12,35.400000000000006,2,2
90013A,16,60.0,3,3
90013C,11,41.25,4,4
90014A,16,103.19999999999999,10,8
90014B,10,85.5,8,7
90014C,4,32.8,3,3
90016A,14,80.75,4,4
90016B,9,76.5,8,6
90018A,17,72.25,9,8
90018B,8,34.0,5,5
90018C,6,25.5,3,3
90019A,18,89.10000000000001,9,8
90019B,2,9.9,2,2
90019C,4,19.8,3,3
90021,1,11.95,1,1
90022,8,30.0,4,4
90023,8,34.0,4,2
90024B,4,34.0,2,2
90024C,2,17.0,1,1
90024D,1,8.5,1,1
90024F,2,17.0,1,1
90025A,2,7.5,2,2
90025F,1,3.75,1,1
90026A,2,17.0,1,1
90026B,2,17.0,2,2
90026C,3,25.5,2,2
90026D,3,25.5,3,3
90027A,4,11.8,1,1
90027D,4,11.8,1,1
90028,2,17.0,1,1
90029,3,25.5,2,2
90030A,72,72.0,7,7
90030B,112,131.8,15,13
90030C,74,74.0,8,8
90031,48,48.0,5,5
90032,19,90.67,6,4
90033,2,5.1,1,1
90035A,4,43.0,2,1
90035C,2,21.5,1,1
90036A,6,47.7,4,3
90036B,4,31.8,2,2
90036C,6,47.7,2,2
90036D,11,87.45,4,4
90036E,7,55.650000000000006,5,4
90036F,4,31.8,1,1
90037B,6,15.299999999999999,1,1
90038A,6,22.5,1,1
90038B,6,22.5,1,1
90038C,6,22.5,1,1
90039A,6,22.5,1,1
90039B,6,22.5,1,1
90039C,1,3.75,1,1
90039D,14,52.5,2,2
90040A,6,21.0,2,2
90040B,4,14.0,2,2
90040C,7,24.5,3,3
90041,2,7.0,1,1
90042A,3,7.6499999999999995,2,1
90043,4,24.810000000000002,2,2
90046,3,14.850000000000001,1,1
90048,3,14.850000000000001,1,1
90049,5,34.77,3,2
90050,6,41.7,2,2
90051,6,41.7,3,3
90054,1,2.55,1,1
90055,1,2.55,1,1
90057,1008,1311.3600000000001,22,21
90058A,324,123.12,7,7
90058B,612,232.56,15,15
90059A,6,9.899999999999999,1,1
90059B,9,14.85,3,3
90059C,8,13.2,3,3
90059D,6,9.899999999999999,1,1
90059E,10,16.499999999999996,3,3
90059F,9,14.85,3,3
90060B,1,5.95,1,1
90060D,3,17.85,3,3
90062,20,255.0,6,6
90063A,11,93.5,7,7
90063B,8,68.0,5,5
90064A,7,26.25,3,3
90064B,11,41.25,6,6
90065A,8,54.0,4,3
90065B,1,6.75,1,1
90067A,10,29.500000000000004,3,3
90069,2,15.0,1,1
90070,8,47.6,3,3
90071,1,1.25,1,1
90072,10,37.5,3,2
90073,13,64.35000000000001,4,4
90074,2,17.9,1,1
90076,6,15.299999999999999,1,1
90078,2,15.0,1,1
90079,5,24.75,2,2
90081A,15,74.25,8,7
90081C,11,54.45,6,6
90082A,21,133.35,10,8
90082B,27,171.45,12,8
90082D,8,50.8,5,4
90083,19,13.69,4,2
90084,1,0.85,1,1
90085,24,20.4,2,2
90086,85,49.93,11,5
90087,90,33.66,8,4
90089,25,4.750000000000001,3,2
90093,47,20.39,6,5
90094,13,33.15,12,12
90096,8,20.4,3,3
90098,28,71.39999999999999,9,9
90099,20,51.0,13,12
90100,1,2.55,1,1
90101,15,38.25,4,3
90102,10,8.5,1,1
90103,8,20.4,2,2
90104,1,0.85,1,1
90108,64,67.2,6,6
90114,66,168.29999999999998,11,11
90116,16,27.04,3,3
90118,6,15.299999999999999,1,1
90119,60,148.32,16,3
90120B,20,85.0,5,5
90120C,31,131.75,7,6
90120D,2,8.5,2,2
90122A,8,39.6,3,3
90122B,1,4.95,1,1
90122C,17,84.15,5,3
90123A,14,83.3,8,8
90123B,8,47.6,4,4
90123C,13,77.35,5,5
90123D,3,17.85,2,2
90124A,6,59.699999999999996,4,4
90124B,4,39.8,3,3
90124C,7,69.64999999999999,4,4
90125A,109,93.89999999999999,6,4
90125B,19,24.9,3,3
90125C,73,63.3,3,2
90125D,74,65.39999999999999,5,3
90125E,1,2.1,1,1
90128B,1,1.25,1,1
90129A,7,20.650000000000002,3,3
90129B,21,61.95000000000001,6,6
90129C,17,50.150000000000006,6,6
90129D,8,23.6,2,2
90129E,6,17.700000000000003,1,1
90129F,16,47.2,5,5
90130A,1,2.95,1,1
90130B,9,26.55,3,3
90131,4,27.8,1,1
90133,9,44.55,3,3
90135,6,29.700000000000003,1,1
90136,3,29.849999999999998,2,2
90138,4,19.8,1,1
90141A,4,19.8,2,2
90141B,6,29.700000000000003,2,2
90141C,4,19.8,2,2
90141D,3,14.850000000000001,1,1
90141E,3,14.850000000000001,1,1
90142D,9,44.55,3,3
90143,19,142.5,8,7
90144,7,26.25,3,3
90145,21,124.95,11,7
90146,13,63.75,3,3
90147,21,208.95,12,10
90148,8,102.0,6,5
90149,52,335.28000000000003,3,2
90151,8,68.0,4,2
90152A,3,17.85,3,3
90152B,1,5.95,1,1
90152C,1,5.95,1,1
90154,57,421.75,5,5
90155,6,45.0,4,4
90156,3,14.850000000000001,2,2
90157,7,34.65,2,2
90158,14,69.30000000000001,6,6
90159,3,14.850000000000001,2,2
90160A,31,215.45000000000002,11,10
90160B,21,145.95000000000002,8,7
90160C,41,284.95000000000005,16,14
90160D,32,222.4,9,9
90161A,9,44.550000000000004,6,6
90161B,45,222.75,12,10
90161C,45,222.75,15,13
90161D,31,153.45000000000002,9,6
90162A,6,17.700000000000003,1,1
90162B,27,79.65,10,7
90162C,14,41.300000000000004,7,3
90162D,10,29.500000000000004,5,3
90163A,4,30.0,2,2
90163B,2,15.0,1,1
90164A,19,70.35,6,6
90164B,28,65.7,7,7
90165B,1,2.55,1,1
90166,14,58.900000000000006,8,4
90167,10,8.5,1,1
90168,6,17.700000000000003,1,1
90169,6,15.299999999999999,1,1
90170,46,75.89999999999999,6,6
90173,16,60.0,3,3
90174,16,40.8,4,4
90175A,9,80.55,8,6
90175C,9,80.55,6,6
90175D,3,26.849999999999998,2,2
90176A,2,15.0,1,1
90176B,2,15.0,1,1
90176C,2,15.0,1,1
90176D,7,52.5,4,4
90176E,3,22.5,2,2
90177A,6,17.700000000000003,1,1
90177B,7,20.650000000000002,2,2
90177C,13,38.35000000000001,3,3
90177D,17,50.150000000000006,6,5
90177E,6,17.700000000000003,1,1
90178A,6,71.69999999999999,6,6
90178B,1,11.95,1,1
90179A,3,17.85,2,2
90179C,1,5.95,1,1
90180A,13,87.35,5,5
90180B,3,29.849999999999998,3,3
90181A,1,8.95,1,1
90182C,6,17.700000000000003,1,1
90183A,20,59.00000000000001,5,5
90183C,1,2.95,1,1
90184A,8,71.6,4,4
90184B,21,187.95,11,11
90184C,11,98.44999999999999,7,7
90185A,22,93.5,5,5
90185B,13,55.25,3,3
90185C,21,89.25,5,5
90185D,32,136.0,8,7
90186A,5,14.75,4,3
90186B,12,35.400000000000006,6,6
90187B,4,13.4,1,1
90188,3,7.6499999999999995,3,2
90189A,2,15.0,2,2
90190A,6,17.700000000000003,1,1
90190B,6,17.700000000000003,1,1
90190C,5,14.75,4,4
90191,22,113.9,7,7
90192,23,113.85000000000001,8,5
90194,12,51.0,6,6
90195A,16,95.2,7,7
90195B,3,20.849999999999998,3,3
90196A,8,102.0,5,5
90196B,4,51.0,4,4
90197B,3,14.850000000000001,1,1
90198A,34,144.5,10,8
90198B,30,127.5,11,11
90199A,8,50.8,3,3
90199B,2,12.7,1,1
90199C,17,107.94999999999999,10,7
90199D,2,12.7,2,2
90200A,41,174.25,16,14
90200B,67,284.75,24,18
90200C,20,85.0,7,6
90200D,99,408.75,25,21
90200E,76,311.0,18,15
90201A,47,138.65,11,11
90201B,64,188.8,10,9
90201C,52,153.4,12,12
90201D,46,135.70000000000002,9,9
90202A,6,17.700000000000003,1,1
90202B,7,20.650000000000002,2,2
90202C,7,20.650000000000002,2,2
90202D,12,35.400000000000006,2,2
90204,17,56.95,8,8
90205A,16,26.4,6,6
90205C,6,9.899999999999999,3,3
90206A,6,29.700000000000003,3,2
90206C,13,64.35000000000001,8,6
90208,10,25.499999999999996,4,4
90209A,84,163.8,4,3
90209B,105,191.1,13,7
90209C,231,413.7,12,8
90210A,26,35.9,3,3
90210B,40,58.6,6,6
90210C,94,115.9,5,5
90210D,104,125.0,5,4
90211A,5,29.75,3,3
90211B,4,23.8,2,2
90212B,3,11.25,1,1
90212C,6,22.5,2,2
90214A,63,55.71,14,5
90214B,13,4.7299999999999995,2,2
90214C,52,40.04,9,7
90214D,39,25.71,7,5
90214E,41,27.25,8,6
90214F,13,3.7699999999999996,2,2
90214G,34,18.5,7,5
90214H,22,15.02,6,4
90214I,25,18.77,3,3
90214J,23,17.23,5,3
90214K,47,34.75,12,6
90214L,51,29.189999999999998,5,4
90214M,27,22.23,5,3
90214N,18,10.02,5,3
90214O,12,3.4799999999999995,1,1
90214P,28,10.999999999999998,6,4
90214R,15,6.27,4,3
90214S,40,26.0,6,5
90214T,12,3.4799999999999995,1,1
90214U,12,3.4799999999999995,1,1
90214V,14,5.9799999999999995,3,2
90214W,12,3.4799999999999995,1,1
90214Y,61,18.65,3,3
90214Z,12,3.4799999999999995,1,1
BANK CHARGES,12,165.001,12,10
C2,134,6686.0,133,29
DOT,16,11906.36,16,1
M,7173,53779.93,284,197
PADS,3,0.003,3,3
POST,3120,77803.96,1099,331
